<?xml version="1.0" encoding="UTF-8" ?>
<myopenmath id="4159">
<statement>
<p>Solve the formula <m>\displaystyle{A}=\frac{{1}}{{2}}{h}{\left({a}+{b}\right)}</m> for <m>\displaystyle{b}</m>.</p>
<p>
<m>\displaystyle{b}</m> = <fillin characters="7" />
</p>
<p>
Enter your answer as an expression. </p>
<p> Be sure to PREVIEW your answer before submitting!</p>
</statement>
<solution>
<p><m>\displaystyle\frac{{{2}{A}}}{{h}}-{a}</m>  OR  <m>\displaystyle\frac{{{2}{A}-{a}{h}}}{{h}}</m></p>
</solution>
</myopenmath>

