<?xml version="1.0" encoding="UTF-8" ?>
<myopenmath id="443450">
<statement>
<p>Initially, there were 930 ladybugs in a population, and it decreases by 10<percent/> every 6 days. </p>
<p><ul>
  <li><p>What will be the population at <m>\displaystyle{t}={8}</m> days? <lbracket/>Round your answer to the nearest whole number.<rbracket/></p>
<p>
    Answer: <fillin characters="20" /></p></li>
  
  <li><p>Write a formula for the population of ladybugs as a function of <m>\displaystyle{t}</m>.</p>
<p>
    Answer: <m>\displaystyle{P}{\left({t}\right)}=</m><fillin characters="20" />
</p></li>
</ul></p>
</statement>
<solution>
<p><ul><li><p>808</p></li><li><p><m>\displaystyle{930}\cdot{\left({0.9}\right)}^{{\frac{{t}}{{6}}}}</m></p></li></ul></p>
</solution>
</myopenmath>

