<?xml version="1.0" encoding="UTF-8" ?>
<myopenmath id="40495">
<statement>
<p>Graph the following:</p>
<p>
<m>\displaystyle{f{{\left({x}\right)}}}={\left({x}-{2}\right)}^{{2}}</m></p>
<p>
The vertex is <fillin characters="7" /></p><figure><image source="https://myopenmaths3.s3.amazonaws.com/gimgs/69e57409a580546c77433ae21d2ae74e.png" /></figure><p>
<canvas id="canvas1001" width="600" height="600"></canvas>Clear All Draw: </p><figure><image source="/img/tpparab.png" /></figure>
</statement>
<solution>
<p><ul><li><p><m>\displaystyle{\left({2},{0}\right)}</m></p></li><li><figure><image source="https://myopenmaths3.s3.amazonaws.com/gimgs/740c9ffed9509f7e15b65043fe304eea.png" /></figure></li></ul></p>
</solution>
</myopenmath>

