<?xml version="1.0" encoding="UTF-8" ?>
<myopenmath id="42478">
<statement>
<p>Gwen<rsq/>s Gravel Company supplied a homeowner with 16 cubic yards of gravel for his driveway at a cost of <dollar/>1,384.00.  Assuming they charge the same rate per cubic yard regardless of the amount of gravel supplied, what would they charge for 32 cubic yards of gravel?</p><table><tabular>
  <row>
    <cell> Translate to a proportion: </cell>
    <cell> <fillin characters="20" />
</cell>
    <cell>  </cell>
  </row>
  
      
      
  <row>
  </row><row>
    <cell> <dollar/><fillin characters="5" /> for 32 cubic yards of gravel </cell>
  </row>
</tabular></table>
</statement>
<solution>
<p><ul><li><p><m>\displaystyle\frac{{1384}}{{16}}=\frac{{x}}{{32}}{\quad\text{or}\quad}\frac{{16}}{{1384}}=\frac{{32}}{{x}}</m></p></li><li><p><dollar/>2,768.00 for 32 cubic yards of gravel</p></li></ul></p>
</solution>
</myopenmath>

