<?xml version="1.0" encoding="UTF-8" ?>
<myopenmath id="163398">
<statement>
<p>Victoria holds a fishing pole with fishing line extended according to the picture below.  How far is the fish from her hook?  (Solve for <m>\displaystyle{x}</m>)</p><figure><image source="https://myopenmaths3.s3.amazonaws.com/qimages/fishhook.png" /></figure><p> 
  <m>\displaystyle{7}{f}{t}</m>
  <m>\displaystyle{25.5}{f}{t}</m>
</p>
<p>
<m>\displaystyle{x}=</m> <fillin characters="5" /> </p>
<p><ul label="circle"><li><p>ft</p></li> 
<li><p>m</p></li> 
<li><p>in</p></li> 
<li><p>cm</p></li> 
<li><p>°</p></li> 
</ul></p>
</statement>
<solution>
<p><ul><li><p>59.5</p></li><li><p>ft</p></li></ul></p>
</solution>
</myopenmath>

