<?xml version="1.0" encoding="UTF-8" ?>
<myopenmath id="281746">
<statement>
<p>Select the correct units to complete the conversion below.
  </p>
<p>
  gallons <asterisk/> <underscore/><underscore/><underscore/><underscore/><underscore/><underscore/><underscore/><underscore/><underscore/> = miles
  </p>
<p>
  Answer: </p>
<p><ul label="circle"><li><p>miles</p></li> 
<li><p>1/miles</p></li> 
<li><p>gallons/miles</p></li> 
<li><p>1/gallons</p></li> 
<li><p>miles/gallons</p></li> 
<li><p>gallons</p></li> 
</ul></p>
</statement>
<solution>
<p>miles/gallons</p>
</solution>
</myopenmath>

