<?xml version="1.0" encoding="UTF-8" ?>
<myopenmath id="1514">
<statement>
<p>Evaluate the following expressions.
</p>
<p>
(a)  <m>\displaystyle{{\log}_{{{5}}}{5}^{{{5}}}}=</m> <fillin characters="10" /></p>
<p>
(b)  <m>\displaystyle{{\log}_{{{3}}}{27}}=</m> <fillin characters="10" /></p>
<p>
(c)  <m>\displaystyle{{\log}_{{{5}}}{625}}=</m> <fillin characters="10" /></p>
<p>
(d)  <m>\displaystyle{{\log}_{{{8}}}{8}^{{{11}}}}=</m> <fillin characters="10" /></p>
</statement>
<solution>
<p><ul><li><p>5</p></li><li><p>3</p></li><li><p>4</p></li><li><p>11</p></li></ul></p>
</solution>
</myopenmath>

