<?xml version="1.0" encoding="UTF-8" ?>
<myopenmath id="1026774">
<statement>
<p>Determine Linearity and Slope from a Table</p>
<p>For each of the following functions, determine if the function is linear. </p>
<p>If it is linear, give the slope. If it is not linear, enter "DNE" for the slope.</p>
<table><tabular> <row><cell><em><m>\displaystyle{x}</m></em></cell><cell>2</cell><cell>7</cell><cell>9</cell><cell>14</cell><cell>17</cell></row>
<row><cell><em><m>\displaystyle{f{{\left({x}\right)}}}</m></em></cell><cell>14</cell><cell>51.5</cell><cell>66.5</cell><cell>104</cell><cell>126.5</cell></row>
</tabular></table><p>
Behavior: </p>
<p><ul label="circle"><li><p>Linear</p></li> 
<li><p>Not Linear</p></li> 
</ul></p>
<p>
Slope: <fillin characters="20" /></p>
<table><tabular> <row><cell><em><m>\displaystyle{x}</m></em></cell><cell>1</cell><cell>3</cell><cell>7</cell><cell>16</cell><cell>18</cell></row>
<row><cell><em><m>\displaystyle{f{{\left({x}\right)}}}</m></em></cell><cell>-13.5</cell><cell>-23</cell><cell>-46.5</cell><cell>-96</cell><cell>-107</cell></row>
</tabular></table><p>
Behavior: </p>
<p><ul label="circle"><li><p>Linear</p></li> 
<li><p>Not Linear</p></li> 
</ul></p>
<p>
Slope: <fillin characters="20" /></p>
<table><tabular> <row><cell><em><m>\displaystyle{x}</m></em></cell><cell>6</cell><cell>7</cell><cell>8</cell><cell>9</cell><cell>10</cell></row>
<row><cell><em><m>\displaystyle{f{{\left({x}\right)}}}</m></em></cell><cell>-30</cell><cell>-33</cell><cell>-36</cell><cell>-39</cell><cell>-42</cell></row>
</tabular></table><p>
Behavior: </p>
<p><ul label="circle"><li><p>Not Linear</p></li> 
<li><p>Linear</p></li> 
</ul></p>
<p>
Slope: <fillin characters="20" /></p>
<table><tabular> <row><cell><em><m>\displaystyle{x}</m></em></cell><cell>7</cell><cell>9</cell><cell>15</cell><cell>16</cell><cell>18</cell></row>
<row><cell><em><m>\displaystyle{f{{\left({x}\right)}}}</m></em></cell><cell>27</cell><cell>37</cell><cell>64</cell><cell>72</cell><cell>82</cell></row>
</tabular></table><p>
Behavior: </p>
<p><ul label="circle"><li><p>Linear</p></li> 
<li><p>Not Linear</p></li> 
</ul></p>
<p>
Slope: <fillin characters="20" /></p>
</statement>
<solution>
<p><ul><li><p>Linear</p></li><li><p>7.5</p></li><li><p>Not Linear</p></li><li><p>DNE</p></li><li><p>Linear</p></li><li><p>-3</p></li><li><p>Not Linear</p></li><li><p>DNE</p></li></ul></p>
</solution>
</myopenmath>

