<?xml version="1.0" encoding="UTF-8" ?>
<myopenmath id="418054">
<statement>
<p>Fill in the table of values for the function <m>\displaystyle{f{{\left({x}\right)}}}={{\log}_{{4}}{\left({x}+{2}\right)}}</m>.  Enter <em>DNE</em> if the answer does not exist.</p><table><tabular> 
  <row>
    <cell><m>\displaystyle{x}</m></cell>
    <cell><m>\displaystyle{f{{\left({x}\right)}}}</m></cell>
  </row><row>
  <cell><m>\displaystyle-{6}</m></cell>
  <cell><fillin characters="4" /></cell>
  </row><row>
  <cell><m>\displaystyle-{1}</m></cell>
  <cell><fillin characters="4" /></cell>
  </row><row>
  <cell><m>\displaystyle{2}</m></cell>
  <cell><fillin characters="4" /></cell>
  </row>
</tabular></table><p>
Graph the function by first placing the vertical asymptote:
</p><figure><image source="https://myopenmaths3.s3.amazonaws.com/gimgs/eb85f97acd6473082ea3e51ea3752265.png" /></figure><p>
<canvas id="canvas1003" width="300" height="300"></canvas>Clear All Draw: </p><figure><image source="/img/tpgenlog.png" /></figure>
</statement>
<solution>
<p><ul><li><p><m>\displaystyle{D}{N}{E}</m></p></li><li><p>0</p></li><li><p>1</p></li><li><figure><image source="https://myopenmaths3.s3.amazonaws.com/gimgs/d45d78c390627bade766f9cc3834478f.png" /></figure></li></ul></p>
</solution>
</myopenmath>

