<?xml version="1.0" encoding="UTF-8" ?>
<myopenmath id="1057354">
<statement>
<figure><image source="https://myopenmaths3.s3.amazonaws.com/qimages/mountain_height_homeowork1_ft_large.jpg" /></figure>
<p>A plane is flying 2000 feet above sea level toward a mountain as shown. The pilot observes the top of the mountain to be <m>\displaystyle\alpha</m>  = <m>\displaystyle{15}^{{\circ}}</m>  above the horizontal, then immediately flies the plane at an angle of <m>\displaystyle\beta</m>  = <m>\displaystyle{17}^{\circ}</m>  above horizontal. The airspeed of the plane is 100 mph. After 5 minutes, the plane is directly above the top of the mountain. How high is the plane above the top of the mountain (when it passes over)? What is the height of the mountain? Round to the nearest 10 feet.</p>
<p>Height of plane above mountain = <fillin characters="20" />feet</p>
<p>Mountain height = <fillin characters="20" />feet</p>
<p> </p>
<p> </p>
</statement>
<solution>
<p><ul><li><p>1590</p></li><li><p>13270</p></li></ul></p>
</solution>
</myopenmath>

