<?xml version="1.0" encoding="UTF-8" ?>
<myopenmath id="14432">
<statement>
<p>The path of a satellite orbiting the earth causes it to pass directly over two tracking stations <em>A</em> and <em>B</em>, which are 63 mi apart.  When the satellite is on one side of the two stations, the angles of elevation at <em>A</em> and <em>B</em> are measured to be 86.4° and 83.7°, respectively.
 </p><figure><image source="https://myopenmaths3.s3.amazonaws.com/gimgs/58ec1ea5bb97304b9c88c505035e79f1.png" /></figure><p><lbracket/>Graphs generated by this script: setBorder(0); initPicture(0,7,0,7); text(<lbracket/>3.1,1.5<rbracket/>,"83.7°"); text(<lbracket/>5.1,1.5<rbracket/>,"86.4°"); text(<lbracket/>2,0.5<rbracket/>,"B"); text(<lbracket/>4,0.5<rbracket/>,"A"); stroke = "brown"; strokewidth ="4"; line(<lbracket/>0,1<rbracket/>,<lbracket/>7,1<rbracket/>); stroke = "blue"; strokewidth = "2"; path(<lbracket/><lbracket/>2,1<rbracket/>,<lbracket/>5,6.5<rbracket/>,<lbracket/>4,1<rbracket/><rbracket/>); strokewidth = "5"; stroke = "gray"; path(<lbracket/><lbracket/>5,6.7<rbracket/>,<lbracket/>5.2,6.5<rbracket/>,<lbracket/>5,6.3<rbracket/>,<lbracket/>4.8,6.5<rbracket/>,<lbracket/>5,6.7<rbracket/><rbracket/>); stroke = "black"; strokewidth = "1"; arc(<lbracket/>4.6,1<rbracket/>,<lbracket/>4.107,1.59<rbracket/>,.6); arc(<lbracket/>2.65,1<rbracket/>,<lbracket/>2.311,1.571<rbracket/>,.65); <rbracket/> 
<em>NOTE:  The picture is NOT drawn to scale.</em></p>
<p>
How far is the satellite from station A? </p>
<p>
distance from <em>A</em> = <fillin characters="8" /> mi </p>
<p>
How high is the satellite above the ground? </p>
<p>
height = <fillin characters="8" /> mi</p>
<p>
<em>Enter your answer as a number; your answer should be accurate to 2 decimal places.</em></p>
</statement>
<solution>
<p><ul><li><p>1329.3198542946</p></li><li><p>1326.6967452164</p></li></ul></p>
</solution>
</myopenmath>

