<?xml version="1.0" encoding="UTF-8" ?>
<myopenmath id="42476">
<statement>
<p>A carpet store charges <dollar/>455.00 to install 70 square yards of carpet.  Assuming they charge the same rate per square yard regardless of the amount of carpet installed, how much would they charge to install 300 square yards of carpet?  What is the unit price for installation per square yard of carpet?     </p><table><tabular>
  <row>
    <cell> Translate to a proportion: </cell>
    <cell> <fillin characters="20" />
</cell>
    <cell>  </cell>
  </row>
  
      
      
  <row>
  </row><row>
    <cell> They would  charge <dollar/><fillin characters="3" /> to install 300 square yards of carpet. </cell>
  </row>
  <row>
    <cell>   </cell>
  </row>
  <row>
    <cell> <dollar/><fillin characters="3" /> per square yard </cell>
  </row>
</tabular></table>
</statement>
<solution>
<p><ul><li><p><m>\displaystyle\frac{{455}}{{70}}=\frac{{x}}{{300}}{\quad\text{or}\quad}\frac{{70}}{{455}}=\frac{{300}}{{x}}</m></p></li><li><p><dollar/>1,950.00</p></li><li><p><dollar/>6.50 per square yard</p></li></ul></p>
</solution>
</myopenmath>

