<?xml version="1.0" encoding="UTF-8" ?>
<myopenmath id="1144">
<statement>
<figure><image source="https://myopenmaths3.s3.amazonaws.com/gimgs/424a711b7be4a9d3b676c18ff0a47e3c.png" /></figure><p><lbracket/>Graphs generated by this script: initPicture(-5,5,-5,5);circle(<lbracket/>0,0<rbracket/>,4);text(<lbracket/>2,.5<rbracket/>,"7");line(<lbracket/>0,0<rbracket/>,<lbracket/>4,0<rbracket/>);<rbracket/></p>
<p>
Find the area of the circle pictured above.</p>
<p>
Round your answer to the nearest tenth</p><p><fillin characters="20" /></p>
</statement>
<solution>
<p>153.9380400259 or 153.86</p>
</solution>
</myopenmath>

