<?xml version="1.0" encoding="UTF-8" ?>
<myopenmath id="1057358">
<statement>
<p>From the observation deck of the lighthouse at Sasquatch Point 47 feet above the surface of Lake Ippizuti, a lifeguard spots a boat out on the lake sailing directly toward the light house. The first sighting had a angle of depression of 8.2º and the second sighting had an angle of depression of 25.6º. How far had the boat traveled between the sightings?</p>
<p><fillin characters="7" /> ft</p>
</statement>
<solution>
<p>228.1</p>
</solution>
</myopenmath>

