<?xml version="1.0" encoding="UTF-8" ?>
<myopenmath id="204173">
<statement>
<p>The cost to take a taxi from the airport is a function of the distance driven.  A 5 mile taxi ride from the airport costs <dollar/>12.  The cost is <dollar/>21 for a 10 mile ride.</p>
<p>
<em>y</em> is the cost and <em>x</em> is number of miles.</p>
<p>
<em>a.</em> Write an equation to model the situation. <em>y</em> = <fillin characters="20" />
</p>
<p>
<em>b.</em> What is the <em>y</em>-intercept? <em>b</em> = <fillin characters="4" />  What does it represent? </p>
<p><ul label="circle"><li><p>It takes 5 miles to get home.</p></li> 
<li><p>The cost for getting into the cab is <dollar/>3.</p></li> 
<li><p>You start at <dollar/>12</p></li> 
<li><p>The meter drop is <dollar/>1.80.</p></li> 
</ul></p>
<p>
<em>c.</em> What is the slope? <em>m</em> = <fillin characters="4" />What does it represent? </p>
<p><ul label="circle"><li><p>It takes 5 miles to get home.</p></li> 
<li><p>It costs <dollar/>1.80 per mile.</p></li> 
<li><p>You start at <dollar/>3</p></li> 
<li><p>The meter drop is <dollar/>3.</p></li> 
</ul></p>
<p>
<em>d.</em> Graph the equation.</p><figure><image source="https://myopenmaths3.s3.amazonaws.com/gimgs/8ae5d8d917078b86b322354c5e5e0db1.png" /></figure><p>
<canvas id="canvas1005" width="300" height="350"></canvas>Clear All Draw: </p><figure><image source="/img/tpline.gif" /></figure><figure><image source="/img/tpparab.png" /></figure><figure><image source="/img/tpabs.gif" /></figure><figure><image source="/img/tpdot.gif" /></figure>
</statement>
<solution>
<p><ul><li><p><m>\displaystyle{1.8}{x}+{3}</m></p></li><li><p>3</p></li><li></li><li><p>1.8</p></li><li></li><li><figure><image source="https://myopenmaths3.s3.amazonaws.com/gimgs/e22fc0e66c70931c936e8cbf2ac5be24.png" /></figure></li></ul></p>
</solution>
</myopenmath>

