<?xml version="1.0" encoding="UTF-8" ?>
<myopenmath id="122167">
<statement>
<p>A store owner wants to mix chocolate and nuts to make a new candy.  How many pounds of chocolate costing <dollar/>12.20 per pound should be mixed with 22 pounds of nuts that cost <dollar/>2.80 per pound to create a mixture worth <dollar/>6.29 per pound?</p>
<p>
The owner needs to mix <fillin characters="10" /> pounds of chocolate. </p>
<p>
<em>(round to the nearest whole pound)</em></p>
</statement>
<solution>
<p>13</p>
</solution>
</myopenmath>

