<?xml version="1.0" encoding="UTF-8" ?>
<myopenmath id="1057317">
<statement>
<p>The proper angle for a ladder is about <m>\displaystyle{75}^{\circ}</m> from the ground. Suppose you have a 23 foot ladder.  How far from the house should you place the base of the ladder? Round to the nearest 10th of a foot</p><figure><image source="https://myopenmaths3.s3.amazonaws.com/qimages/ladder.png" /></figure><p>
<fillin characters="20" /> feet</p>
</statement>
<solution>
<p>6.0</p>
</solution>
</myopenmath>

