<?xml version="1.0" encoding="UTF-8" ?>
<myopenmath id="1065496">
<statement>
<p>Given a prism with a cylinder drilled into it. The cylinder does not go all the way through the prism.</p>
<figure><image source="https://myopenmaths3.s3.amazonaws.com/gimgs/e746b4148f87cafca0c7ccbfc545c57f.png" /></figure><p><lbracket/>Graphs generated by this script: setBorder(0);;initPicture(-10,10,-10,10);;fill='lightgray';;path(<lbracket/><lbracket/>-2,4<rbracket/>,<lbracket/>7,4<rbracket/>,<lbracket/>4,8<rbracket/>,<lbracket/>-5,8<rbracket/><rbracket/>);;line(<lbracket/>7,-8<rbracket/>,<lbracket/>-2,-8<rbracket/>);;line(<lbracket/>-2,4<rbracket/>,<lbracket/>-2,-8<rbracket/>);;line(<lbracket/>7,-8<rbracket/>,<lbracket/>7,4<rbracket/>);;line(<lbracket/>-2,-8<rbracket/>,<lbracket/>-5,-4<rbracket/>);;line(<lbracket/>7,4<rbracket/>,<lbracket/>-2,4<rbracket/>);;line(<lbracket/>-2,4<rbracket/>,<lbracket/>-5,8<rbracket/>);;line(<lbracket/>7,4<rbracket/>,<lbracket/>4,8<rbracket/>);;line(<lbracket/>4,8<rbracket/>,<lbracket/>-5,8<rbracket/>);;line(<lbracket/>-5,8<rbracket/>,<lbracket/>-5,-4<rbracket/>);;line(<lbracket/>-1,-5.2<rbracket/>,<lbracket/>-7,-5.2<rbracket/>);;line(<lbracket/>-3.5,-6<rbracket/>,<lbracket/>-7,-6<rbracket/>);;marker = 'arrow';;line(<lbracket/>0,0<rbracket/>,<lbracket/>3,0<rbracket/>);;line(<lbracket/>0,0<rbracket/>,<lbracket/>-1,0<rbracket/>);;line(<lbracket/>1,9<rbracket/>,<lbracket/>4,9<rbracket/>);;line(<lbracket/>-1,9<rbracket/>,<lbracket/>-5,9<rbracket/>);;line(<lbracket/>8.3,0<rbracket/>,<lbracket/>8.3,4<rbracket/>);;line(<lbracket/>8.3,-2<rbracket/>,<lbracket/>8.3,-8<rbracket/>);;line(<lbracket/>7.1,5.5<rbracket/>,<lbracket/>7.7,4.4<rbracket/>);;line(<lbracket/>6.1,6.8<rbracket/>,<lbracket/>4.6,8.5<rbracket/>);;strokedasharray = '6 6';;fill = 'white';;ellipse( <lbracket/>1,6<rbracket/>, 2, 1 );;ellipse( <lbracket/>1,-5<rbracket/>, 2, 1 );;marker = 'none';;line(<lbracket/>7,-8<rbracket/>,<lbracket/>4,-4<rbracket/>);;line(<lbracket/>4,8<rbracket/>,<lbracket/>4,-4<rbracket/>);;line(<lbracket/>-5,-4<rbracket/>,<lbracket/>4,-4<rbracket/>);;line(<lbracket/>3,6<rbracket/>,<lbracket/>3,-5<rbracket/>);;line(<lbracket/>-1,6<rbracket/>,<lbracket/>-1,-5<rbracket/>);;text(<lbracket/>0,9<rbracket/>,'5');;text(<lbracket/>6.7,6.4<rbracket/>,'5');;text(<lbracket/>1,1<rbracket/>,'2');;text(<lbracket/>-8,-5.5<rbracket/>,'1');;text(<lbracket/>8.3,-1<rbracket/>,'18');;fontsize='15';;text(<lbracket/>-8,-7<rbracket/>,'thick');<rbracket/></p>
<p>What is the total surface area, including the cylinder? Write your answer in terms of <m>\displaystyle\pi</m> and do not round. (Don't multiply out.) <fillin characters="8" /></p>
<p>What is the volume? Write your answer in terms of <m>\displaystyle\pi</m> and do not round. (Don't multiply out.) <fillin characters="8" /></p>
</statement>
<solution>
<p><ul><li><p><m>\displaystyle{410}+{34}\pi</m></p></li><li><p><m>\displaystyle{450}-{17}\pi</m></p></li></ul></p>
</solution>
</myopenmath>

