<?xml version="1.0" encoding="UTF-8" ?>
<myopenmath id="1057112">
<statement>
<figure><image source="https://myopenmaths3.s3.amazonaws.com/qimages/rightriangle.gif" /></figure><p>
Note: Triangle may not be drawn to scale.</p>
<p>
Suppose a = 4 and A = 65 degrees.</p>
<p>
Find:</p>
<p>
b = <fillin characters="20" /></p>
<p>
c = <fillin characters="20" /></p>
<p>
B = <fillin characters="20" /> degrees</p>
<p>
Round all answers to one decimal place.  Give angles in <em>degrees</em></p>
</statement>
<solution>
<p><ul><li><p>1.9</p></li><li><p>4.4</p></li><li><p>25.0</p></li></ul></p>
</solution>
</myopenmath>

