<?xml version="1.0" encoding="UTF-8" ?>
<myopenmath id="1064462">
<statement>
<p>Determine if the following table represents a linear relation.</p><table><tabular> <row><cell><em><m>\displaystyle{x}</m></em></cell><cell>1</cell><cell>2</cell><cell>3</cell><cell>4</cell><cell>5</cell><cell>6</cell></row>
<row><cell><em><m>\displaystyle{y}</m></em></cell><cell>468</cell><cell>117</cell><cell>52</cell><cell>29.25</cell><cell>18.72</cell><cell>13</cell></row>
</tabular></table>
<p><ul label="circle"><li><p>Yes</p></li> 
<li><p>No</p></li> 
</ul></p>
</statement>
<solution>
<p>No</p>
</solution>
</myopenmath>

