<?xml version="1.0" encoding="UTF-8" ?>
<myopenmath id="4495">
<statement>
<p>Which of the following graphs is the correct plot of <m>\displaystyle{y}=-{4}{\sin{{\left({x}\right)}}}</m>?</p><p><ul label="circle"><li><figure><image source="https://myopenmaths3.s3.amazonaws.com/gimgs/6cc3f08b5dcde1fafe7c06de69e2a68f.png" /></figure></li> 
<li><figure><image source="https://myopenmaths3.s3.amazonaws.com/gimgs/a0fe852e4ca9a09097aef99582989bbc.png" /></figure></li> 
<li><figure><image source="https://myopenmaths3.s3.amazonaws.com/gimgs/34333da2013ec3921fbbe04782ad601d.png" /></figure></li> 
<li><figure><image source="https://myopenmaths3.s3.amazonaws.com/gimgs/fe46eecfb67f1d5a1534618b9bff90b6.png" /></figure></li> 
</ul></p>
</statement>
<solution>
<figure><image source="https://myopenmaths3.s3.amazonaws.com/gimgs/a0fe852e4ca9a09097aef99582989bbc.png" /></figure>
</solution>
</myopenmath>

