<?xml version="1.0" encoding="UTF-8" ?>
<myopenmath id="418064">
<statement>
<p>Fill in the table of values for the function <m>\displaystyle{f{{\left({x}\right)}}}={{\log}_{{3}}{\left({x}\right)}}+{2}</m>.  Enter <em>DNE</em> if the answer does not exist.</p><table><tabular> 
  <row>
    <cell><m>\displaystyle{x}</m></cell>
    <cell><m>\displaystyle{f{{\left({x}\right)}}}</m></cell>
  </row><row>
  <cell><m>\displaystyle{0}</m></cell>
  <cell><fillin characters="4" /></cell>
  </row><row>
  <cell><m>\displaystyle{1}</m></cell>
  <cell><fillin characters="4" /></cell>
  </row><row>
  <cell><m>\displaystyle{3}</m></cell>
  <cell><fillin characters="4" /></cell>
  </row>
</tabular></table><p>
Graph the function by first placing the vertical asymptote:
</p><figure><image source="https://myopenmaths3.s3.amazonaws.com/gimgs/b3956db73c0cd1a0324864519d937a7b.png" /></figure><p>
<canvas id="canvas1003" width="300" height="300"></canvas>Clear All Draw: </p><figure><image source="/img/tpgenlog.png" /></figure>
</statement>
<solution>
<p><ul><li><p><m>\displaystyle{D}{N}{E}</m></p></li><li><p>2</p></li><li><p>3</p></li><li><figure><image source="https://myopenmaths3.s3.amazonaws.com/gimgs/b5144d0678d6d86a0945025ad42a7dff.png" /></figure></li></ul></p>
</solution>
</myopenmath>

