<?xml version="1.0" encoding="UTF-8" ?>
<myopenmath id="483502">
<statement>
<p>Find the constant rate of change described from the table.</p><table><tabular> <row><cell>hours</cell><cell>dollars</cell></row><row><cell>6</cell><cell>107</cell></row><row><cell>8</cell><cell>101</cell></row><row><cell>10</cell><cell>95</cell></row><row><cell>12</cell><cell>89</cell></row></tabular></table><p>
Rate/Slope: <fillin characters="5" /> </p>
<p><ul label="circle"><li><p>hours per mile</p></li> 
<li><p>dollars</p></li> 
<li><p>hours</p></li> 
<li><p>dollars per hour</p></li> 
</ul></p>
</statement>
<solution>
<p><ul><li><p>-3</p></li><li><p>dollars per hour</p></li></ul></p>
</solution>
</myopenmath>

