<?xml version="1.0" encoding="UTF-8" ?>
<myopenmath id="156750">
<statement>
<p>In the following figure, the two triangles are similar. The lengths of their sides are shown. What is the value of <m>\displaystyle{y}</m> in terms of <m>\displaystyle{x}</m>?</p><figure><image source="https://myopenmaths3.s3.amazonaws.com/qimages/2.625.png" /></figure><p><ul label="circle"><li><p><m>\displaystyle{x}+{5}</m></p></li> 
<li><p><m>\displaystyle{x}+{1}</m></p></li> 
<li><p><m>\displaystyle{x}+{4}</m></p></li> 
<li><p><m>\displaystyle{x}+{3}</m></p></li> 
<li><p><m>\displaystyle{x}+{2}</m></p></li> 
</ul></p>
<p>
You have 2 attempts to correctly answer this question.</p>
</statement>
<solution>
<p><m>\displaystyle{x}+{4}</m></p>
</solution>
</myopenmath>

