<?xml version="1.0" encoding="UTF-8" ?>
<myopenmath id="102065">
<statement>
<p>For the following exercise, assume the constant <m>\displaystyle{k}</m> is positive.</p>
<p>
<m>\displaystyle{h}</m> varies directly with <m>\displaystyle{d}</m>. Describe what happens to the value of <m>\displaystyle{h}</m> as <m>\displaystyle{d}</m> decreases.
</p>
<p><ul label="circle"><li><p>decreases</p></li> 
<li><p>increases</p></li> 
<li><p>no change</p></li> 
<li><p>undeterminable</p></li> 
</ul></p>
</statement>
<solution>
<p>decreases</p>
</solution>
</myopenmath>

