<?xml version="1.0" encoding="UTF-8" ?>
<myopenmath id="1395">
<statement>
<p>The equation <m>\displaystyle{3}{x}^{{2}}+{16}{x}+{3}={0}</m> has two solutions
<m>\displaystyle{A}</m> and <m>\displaystyle{B}</m> where <m>\displaystyle{A}{<}{B}</m> </p>
<p>  and <m>\displaystyle{A}=</m> <fillin characters="25" />and <m>\displaystyle{B}=</m> <fillin characters="25" /></p>
<p>
Give your answers to 3 decimal places or as exact expressions.</p>
</statement>
<solution>
<p><ul><li><p>-5.1387328290319</p></li><li><p>-0.19460050430145</p></li></ul></p>
</solution>
</myopenmath>

