<?xml version="1.0" encoding="UTF-8" ?>
<myopenmath id="42484">
<statement>
<p>A recipe for lemon tea cookies calls for <m>\displaystyle{1}\frac{{1}}{{2}}</m> cups of flour for every <m>\displaystyle\frac{{3}}{{2}}</m> cup of sugar.  How many cups of sugar are needed if <m>\displaystyle{2}\frac{{2}}{{3}}</m> cups of flour are used?</p>
<p>
For <m>\displaystyle{2}\frac{{2}}{{3}}</m> cups of flour you need <fillin characters="10" />cups of sugar.</p>
</statement>
<solution>
<p><m>\displaystyle\frac{{24}}{{9}}=\frac{{8}}{{3}}={2}\frac{{2}}{{3}}</m> cups of sugar</p>
</solution>
</myopenmath>

