<?xml version="1.0" encoding="UTF-8" ?>
<myopenmath id="224736">
<statement>
<figure><image source="https://myopenmaths3.s3.amazonaws.com/gimgs/7a056a348c895b0cb57d8a1f36c975ee.png" /></figure><p><lbracket/>Graphs generated by this script: initPicture(-8,25.5,-8,37.5);path(<lbracket/><lbracket/>0,0<rbracket/>,<lbracket/>6,25<rbracket/>,<lbracket/>17,0<rbracket/>,<lbracket/>0,0<rbracket/><rbracket/>);;text(<lbracket/>8,0<rbracket/>,'4 x+1','below');;text(<lbracket/>3,12.5<rbracket/>,'7 x -2','left');;text(<lbracket/>11.5,12.5<rbracket/>,'6 x+3','right');;strokedasharray="3 5";;line(<lbracket/>6,0<rbracket/>,<lbracket/>6,25<rbracket/>);;text(<lbracket/>6,8.3333333333333<rbracket/>,"5 x+5 ",'center');<rbracket/></p>
<p>
Consider the triangle shown on the picture.  Find the value of <m>\displaystyle{x}</m>, given that the perimeter of the triangle is 172 unit. </p>
<p>
<m>\displaystyle{x}=</m><fillin characters="20" />unit</p>
</statement>
<solution>
<p>10</p>
</solution>
</myopenmath>

