<?xml version="1.0" encoding="UTF-8" ?>
<myopenmath id="1499">
<statement>
<p>The number of bacteria in a culture is given by the function
</p>
<p><m>\displaystyle{n}{\left({t}\right)}={900}{e}^{{{0.35}{t}}}</m></p>
<p>
where <m>\displaystyle{t}</m> is measured in hours.
</p>
<p>
(a) What is the relative rate of growth of this bacterium population?
</p>
<p>
Your answer is <fillin characters="10" />percent
</p>
<p>
(b) What is the initial population of the culture (at t=0)?
</p>
<p>
Your answer is <fillin characters="15" /></p>
<p>
(c) How many bacteria will the culture contain at time t=5?
</p>
<p>
Your answer is <fillin characters="15" /></p>
</statement>
<solution>
<p><ul><li><p>35</p></li><li><p>900</p></li><li><p>5179.1424084052</p></li></ul></p>
</solution>
</myopenmath>

