<?xml version="1.0" encoding="UTF-8" ?>
<myopenmath id="117589">
<statement>
<table><tabular>   
<row><cell>Volume of a Trapezoidal Prism</cell></row>
  <row><cell>  Use the figures below to answer the questions.  <p>The shaded portions of the 3D figure represent the 2D figure we will use as the parallel bases.</p>
<p><em><em>  Round your final results to two decimal places as needed. </em></em></p></cell>
  </row><row><cell><em>Figure A:  3-Dimensional Figure </em><figure><image source="https://myopenmaths3.s3.amazonaws.com/gimgs/abd9e29067673509c444b8bf5b0ea598.png" /></figure></cell><cell><em>Figure B: 2-Dimensional View of Base </em><figure><image source="https://myopenmaths3.s3.amazonaws.com/gimgs/953d832535f635a30703dcb0d978f904.png" /></figure></cell></row>
  <row><cell>What is the area of the base of the trapezoidal prism? <fillin characters="2" /><p><ul label="circle"><li><p>square cm</p></li> 
<li><p>cubic cm</p></li> 
<li><p>cm</p></li> 
</ul></p>
</cell></row>
  <row><cell>What is the distance between the bases of the trapezoidal prism? <fillin characters="2" /><p><ul label="circle"><li><p>cm</p></li> 
<li><p>cubic cm</p></li> 
<li><p>square cm</p></li> 
</ul></p>
</cell></row>
  <row><cell>What is the volume of the trapezoidal prism? <fillin characters="2" /><p><ul label="circle"><li><p>square cm</p></li> 
<li><p>cubic cm</p></li> 
<li><p>cm</p></li> 
</ul></p>
</cell></row>
</tabular></table>
</statement>
<solution>
<p><ul><li><p>33</p></li><li><p>square cm</p></li><li><p>5</p></li><li><p>cm</p></li><li><p>165</p></li><li><p>cubic cm</p></li></ul></p>
</solution>
</myopenmath>

