<?xml version="1.0" encoding="UTF-8" ?>
<myopenmath id="117587">
<statement>
<table><tabular>   
<row><cell>Volume of a Rectangular Prism</cell></row>
  <row><cell>  Use the figures below to answer the questions.  <p>The shaded portions of the 3D figure represent the 2D figure we will use as the parallel bases.</p>
<p><em><em>  Round your final results to two decimal places as needed. </em></em></p></cell>
  </row><row><cell><em>Figure A:  3-Dimensional Figure </em><figure><image source="https://myopenmaths3.s3.amazonaws.com/gimgs/df8275c90e5fe4f52b15289203fb1441.png" /></figure></cell><cell><em>Figure B: 2-Dimensional View of Base </em><figure><image source="https://myopenmaths3.s3.amazonaws.com/gimgs/947299f254579b2ef9ce1d80abed38b8.png" /></figure></cell></row>
  <row><cell>What is the area of the base of the rectangular prism? <fillin characters="2" /><p><ul label="circle"><li><p>cubic in</p></li> 
<li><p>in</p></li> 
<li><p>square in</p></li> 
</ul></p>
</cell></row>
  <row><cell>What is the distance between the bases of the rectangular prism? <fillin characters="2" /><p><ul label="circle"><li><p>in</p></li> 
<li><p>cubic in</p></li> 
<li><p>square in</p></li> 
</ul></p>
</cell></row>
  <row><cell>What is the volume of the rectangular prism? <fillin characters="2" /><p><ul label="circle"><li><p>square in</p></li> 
<li><p>cubic in</p></li> 
<li><p>in</p></li> 
</ul></p>
</cell></row>
    </tabular></table>
</statement>
<solution>
<p><ul><li><p>24</p></li><li><p>square in</p></li><li><p>11</p></li><li><p>in</p></li><li><p>264</p></li><li><p>cubic in</p></li></ul></p>
</solution>
</myopenmath>

