<?xml version="1.0" encoding="UTF-8" ?>
<myopenmath id="1064025">
<statement>
<p>Determine if the following table represents a linear relation.</p><table><tabular> <row><cell><em><m>\displaystyle{x}</m></em></cell><cell>0</cell><cell>1</cell><cell>2</cell><cell>3</cell><cell>4</cell><cell>5</cell></row>
<row><cell><em><m>\displaystyle{y}</m></em></cell><cell>-0.2</cell><cell>-1</cell><cell>-1.8</cell><cell>-2.6</cell><cell>-3.4</cell><cell>-4.2</cell></row>
</tabular></table>
<p><ul label="circle"><li><p>Yes</p></li> 
<li><p>No</p></li> 
</ul></p>
</statement>
<solution>
<p>Yes</p>
</solution>
</myopenmath>

