<?xml version="1.0" encoding="UTF-8" ?>
<myopenmath id="1064472">
<statement>
<p>The side lengths of <m>\displaystyle\Delta{A}{B}{C}</m> are given below.</p>
<p>
  <m>\displaystyle{A}{B}={5}</m> <m>\displaystyle{B}{C}={10}</m> <m>\displaystyle{A}{C}={8}</m></p>
<p>
  The side lengths of <m>\displaystyle\Delta{R}{S}{T}</m> are given below.</p>
<p>
  <m>\displaystyle{R}{S}={25}</m> <m>\displaystyle{S}{T}={50}</m> <m>\displaystyle{R}{T}={40}</m></p>
<p>
  Simplify the given corresponding side ratios:</p>
<p>
  <m>\displaystyle\frac{{{R}{S}}}{{{A}{B}}}=</m> <fillin characters="5" /><m>\displaystyle\frac{{{S}{T}}}{{{B}{C}}}=</m> <fillin characters="5" /><m>\displaystyle\frac{{{R}{T}}}{{{A}{C}}}=</m> <fillin characters="5" /></p>
<p>
  Is <m>\displaystyle\Delta{A}{B}{C}</m><tilde/><m>\displaystyle\Delta{R}{S}{T}</m>? </p>
<p><ul label="circle"><li><p>Yes</p></li> 
<li><p>No</p></li> 
</ul></p>
</statement>
<solution>
<p><ul><li><p>5</p></li><li><p>5</p></li><li><p>5</p></li><li><p>Yes</p></li></ul></p>
</solution>
</myopenmath>

