<?xml version="1.0" encoding="UTF-8" ?>
<myopenmath id="173630">
<statement>
<p>Name the polynomial expression below. </p>
<p>
<m>\displaystyle-{11}{k}^{{4}}-{11}{k}^{{2}}-{8}{k}</m> 
</p>
<p><ul label="circle"><li><p>Constant</p></li> 
<li><p>Linear</p></li> 
<li><p>Quadratic</p></li> 
<li><p>Cubic</p></li> 
<li><p>Quartic</p></li> 
<li><p>Quintic</p></li> 
<li><p>6th degree or higher</p></li> 
</ul></p>
 <p><ul label="circle"><li><p>Monomial</p></li> 
<li><p>Binomial</p></li> 
<li><p>Trinomial</p></li> 
<li><p>Polynomial</p></li> 
</ul></p>
</statement>
<solution>
<p><ul><li><p>Quartic</p></li><li><p>Trinomial</p></li></ul></p>
</solution>
</myopenmath>

