<?xml version="1.0" encoding="UTF-8" ?>
<myopenmath id="1064010">
<statement>
<p>Suppose you are standing such that a 27-foot tree is directly between you and the sun.  If you are 3 feet tall and the tree casts a 45-foot shadow, how far away from the tree can you stand and still be completely in the shadow of the tree?</p>
<figure><image source="https://myopenmaths3.s3.amazonaws.com/gimgs/f3f9083155cf83ccda48a6d1be02fddc.png" /></figure><p><lbracket/>Graphs generated by this script: initPicture(1,41,-0.5,38.5);marker="none";stroke="black";line(<lbracket/>1,5<rbracket/>,<lbracket/>31.5,5<rbracket/>);line(<lbracket/>6.5,6.5<rbracket/>,<lbracket/>6.5,9<rbracket/>);line(<lbracket/>6.5,7<rbracket/>,<lbracket/>6,5<rbracket/>);line(<lbracket/>6.5,7<rbracket/>,<lbracket/>7,5<rbracket/>);line(<lbracket/>6.5,9<rbracket/>,<lbracket/>6,7.5<rbracket/>);line(<lbracket/>6.5,9<rbracket/>,<lbracket/>7,7.5<rbracket/>);ellipse(<lbracket/>6.5,10<rbracket/>,.5,1);path(<lbracket/><lbracket/>5.75,5.25<rbracket/>,<lbracket/>5.5,5.5<rbracket/>,<lbracket/>5.5,7<rbracket/>,<lbracket/>5,7.5<rbracket/>,<lbracket/>5.5,8<rbracket/>,<lbracket/>5.5,10<rbracket/>,<lbracket/>5.75,10.25<rbracket/><rbracket/>);path(<lbracket/><lbracket/>31,37<rbracket/>,<lbracket/>28,27<rbracket/>,<lbracket/>34,27<rbracket/>,<lbracket/>31,37<rbracket/><rbracket/>);path(<lbracket/><lbracket/>30,27<rbracket/>,<lbracket/>28,17<rbracket/>,<lbracket/>34,17<rbracket/>,<lbracket/>32,27<rbracket/><rbracket/>);line(<lbracket/>30.5,5<rbracket/>,<lbracket/>30.5,17<rbracket/>);line(<lbracket/>31.5,5<rbracket/>,<lbracket/>31.5,17<rbracket/>);path(<lbracket/><lbracket/>34.25,5.25<rbracket/>,<lbracket/>34.5,5.5<rbracket/>,<lbracket/>34.5,20<rbracket/>,<lbracket/>35,20.5<rbracket/>,<lbracket/>34.5,21<rbracket/>,<lbracket/>34.5,36.5<rbracket/>,<lbracket/>34.25,36.75<rbracket/><rbracket/>);path(<lbracket/><lbracket/>7.25,6.25<rbracket/>,<lbracket/>7.5,6.5<rbracket/>,<lbracket/>18,6.5<rbracket/>,<lbracket/>18.5,7<rbracket/>,<lbracket/>19,6.5<rbracket/>,<lbracket/>30,6.5<rbracket/>,<lbracket/>30.25,6.25<rbracket/><rbracket/>);path(<lbracket/><lbracket/>1.25,3.75<rbracket/>,<lbracket/>1.5,3.5<rbracket/>,<lbracket/>15,3.5<rbracket/>,<lbracket/>15.5,3<rbracket/>,<lbracket/>16,3.5<rbracket/>,<lbracket/>31,3.5<rbracket/>,<lbracket/>31.25,3.75<rbracket/><rbracket/>);strokedasharray="5 2";line(<lbracket/>1,5<rbracket/>,<lbracket/>31,37<rbracket/>);text(<lbracket/>5.5,10.75<rbracket/>,"3 ft",left);text(<lbracket/>15.5,3.5<rbracket/>,"45 ft",below);text(<lbracket/>18.5,7.25<rbracket/>,"x",above);text(<lbracket/>35,20.5<rbracket/>,"27 ft",right);<rbracket/></p>
<p>The distance between you and the tree is <fillin characters="5" />ft (If needed, round to 1 decimal place.)</p>
</statement>
<solution>
<p>40 ft</p>
</solution>
</myopenmath>

