<?xml version="1.0" encoding="UTF-8" ?>
<myopenmath id="4359">
<statement>
<figure><image source="https://myopenmaths3.s3.amazonaws.com/gimgs/065c80a9bb68e7382fcd2eceba635b08.png" /></figure><p><lbracket/>Graphs generated by this script: initPicture(-1.25,0.25,-0.25,1.25);line(<lbracket/>0,0<rbracket/>,<lbracket/>0,.6<rbracket/>);line(<lbracket/>0,0<rbracket/>,<lbracket/>-1,0<rbracket/>);line(<lbracket/>-1,0<rbracket/>,<lbracket/>0,.6<rbracket/>);line(<lbracket/>-0.1,0<rbracket/>,<lbracket/>-0.1,0.1<rbracket/>);line(<lbracket/>0,0.1<rbracket/>,<lbracket/>-0.1,0.1<rbracket/>);text(<lbracket/>0.05,-0.05<rbracket/>,"C");text(<lbracket/>0,0.67<rbracket/>,"A");text(<lbracket/>-1.07,0<rbracket/>,"B")<rbracket/></p>
<p>
Match each side as hypotenuse, opposite, or adjacent of angle A.</p><p class="centered"></p>
<p><ul label="circle">
<li class="nowrap"> Adjacent</li>
<li class="nowrap"> Hypotenuse</li>
<li class="nowrap"> Opposite</li>
</ul></p>
<p class="centered"></p>
<p><ol class="lalpha">
<li><p>AC</p></li>
<li><p>AB</p></li>
<li><p>BC</p></li>
</ol></p> 
</statement>
<solution>
<p>a b c </p>
</solution>
</myopenmath>

