<?xml version="1.0" encoding="UTF-8" ?>
<myopenmath id="1736">
<statement>
<p>Select all of the following tables which could represent a linear function.</p><p><ul label="circle"><li><table><tabular> <row><cell><m>\displaystyle{x}</m></cell><cell><m>\displaystyle{k}{\left({x}\right)}</m></cell></row><row><cell>5</cell><cell>5</cell></row><row><cell>10</cell><cell>15</cell></row><row><cell>20</cell><cell>35</cell></row><row><cell>25</cell><cell>45</cell></row></tabular></table></li> 
<li><table><tabular> <row><cell><m>\displaystyle{x}</m></cell><cell><m>\displaystyle{f{{\left({x}\right)}}}</m></cell></row><row><cell>0</cell><cell>-4</cell></row><row><cell>5</cell><cell>21</cell></row><row><cell>10</cell><cell>46</cell></row><row><cell>15</cell><cell>71</cell></row></tabular></table></li> 
<li><table><tabular> <row><cell><m>\displaystyle{x}</m></cell><cell><m>\displaystyle{g{{\left({x}\right)}}}</m></cell></row><row><cell>0</cell><cell>5</cell></row><row><cell>5</cell><cell>-15</cell></row><row><cell>10</cell><cell>-35</cell></row><row><cell>15</cell><cell>-55</cell></row></tabular></table></li> 
<li><table><tabular> <row><cell><m>\displaystyle{x}</m></cell><cell><m>\displaystyle{h}{\left({x}\right)}</m></cell></row><row><cell>0</cell><cell>5</cell></row><row><cell>5</cell><cell>30</cell></row><row><cell>10</cell><cell>105</cell></row><row><cell>15</cell><cell>230</cell></row></tabular></table></li> 
</ul></p>
</statement>
<solution>
<table><tabular> <row><cell><m>\displaystyle{x}</m></cell><cell><m>\displaystyle{f{{\left({x}\right)}}}</m></cell></row><row><cell>0</cell><cell>-4</cell></row><row><cell>5</cell><cell>21</cell></row><row><cell>10</cell><cell>46</cell></row><row><cell>15</cell><cell>71</cell></row></tabular></table><table><tabular> <row><cell><m>\displaystyle{x}</m></cell><cell><m>\displaystyle{g{{\left({x}\right)}}}</m></cell></row><row><cell>0</cell><cell>5</cell></row><row><cell>5</cell><cell>-15</cell></row><row><cell>10</cell><cell>-35</cell></row><row><cell>15</cell><cell>-55</cell></row></tabular></table><table><tabular> <row><cell><m>\displaystyle{x}</m></cell><cell><m>\displaystyle{k}{\left({x}\right)}</m></cell></row><row><cell>5</cell><cell>5</cell></row><row><cell>10</cell><cell>15</cell></row><row><cell>20</cell><cell>35</cell></row><row><cell>25</cell><cell>45</cell></row></tabular></table>
</solution>
</myopenmath>

