<?xml version="1.0" encoding="UTF-8" ?>
<myopenmath id="42474">
<statement>
<p>Sue goes to the fabric store at a rate of 7 times a month.  How many times would she be expected to go to the fabric store in 5 months?</p><table><tabular>
  <row>
    <cell> Translate to a proportion: </cell>
    <cell> <fillin characters="20" />
</cell>
    <cell>  </cell>
  </row>
  
      
      
  <row>
  </row><row>
    <cell> <m>\displaystyle{x}=</m><fillin characters="3" /> times in 5 months </cell>
  </row>
</tabular></table>
</statement>
<solution>
<p><ul><li><p><m>\displaystyle\frac{{1}}{{7}}=\frac{{5}}{{x}}{\quad\text{or}\quad}\frac{{7}}{{1}}=\frac{{x}}{{5}}</m></p></li><li><p>35</p></li></ul></p>
</solution>
</myopenmath>

