<?xml version="1.0" encoding="UTF-8" ?>
<myopenmath id="204170">
<statement>
<p>Prince John has 19 bags of gold.  While he is sleeping, Robin Hood is stealing one bag every two minutes.</p>
<p>
<em>a.</em> Write an equation in slope-intercept form to model the situation, where <em>b</em> is the number gold bags and <em>x</em> is the time in minutes.</p>
<p>
<em>b</em> = <fillin characters="20" />
</p>
<p>
<em>b.</em> Graph your equation. </p><figure><image source="https://myopenmaths3.s3.amazonaws.com/gimgs/50370e50819bb2ffe98eebfe61acf09a.png" /></figure><p>
<canvas id="canvas1001" width="700" height="350"></canvas>Clear All Draw: </p><figure><image source="/img/tpline.gif" /></figure><figure><image source="/img/tpparab.png" /></figure><figure><image source="/img/tpabs.gif" /></figure><figure><image source="/img/tpdot.gif" /></figure>
</statement>
<solution>
<p><ul><li><p><m>\displaystyle-\frac{{1}}{{2}}\cdot{x}+{19}</m></p></li><li><figure><image source="https://myopenmaths3.s3.amazonaws.com/gimgs/8c8bb4c05ab1a1dc6431df6748115187.png" /></figure></li></ul></p>
</solution>
</myopenmath>

