<?xml version="1.0" encoding="UTF-8" ?>
<myopenmath id="45602">
<statement>
<figure><image source="https://myopenmaths3.s3.amazonaws.com/gimgs/e2c5ac4e7bc18f7cf01abe3dbaa1264e.png" /></figure><p>
Match each equation with a graph above</p><p class="centered"></p>
<p><ul label="circle">
<li class="nowrap"> <m>\displaystyle{10}^{{x}}</m></li>
<li class="nowrap"> <m>\displaystyle{\ln{{\left({x}\right)}}}</m></li>
<li class="nowrap"> <m>\displaystyle{\log{{\left({x}\right)}}}</m></li>
<li class="nowrap"> <m>\displaystyle{e}^{{x}}</m></li>
</ul></p>
<p class="centered"></p>
<p><ol class="lalpha">
<li><p>blue</p></li>
<li><p>green</p></li>
<li><p>black</p></li>
<li><p>red</p></li>
</ol></p> 
</statement>
<solution>
<p>a d c b </p>
</solution>
</myopenmath>

