<?xml version="1.0" encoding="UTF-8" ?>
<myopenmath id="3443">
<statement>
<p>It takes Rylla 18 hours to knit a scarf.  She can only knit for 1.5 hours per day.  How many days will it take her to knit the scarf?</p>
<p>
Part 1: Let <m>\displaystyle{x}</m> be the number of days it will take her to knit the scarf.  Choose the correct translation of this problem into an equation:</p>
<p><ul label="circle"><li><p>1.5 <m>\displaystyle{x}</m>=18</p></li> 
<li><p>18-1.5=<m>\displaystyle{x}</m></p></li> 
<li><p><m>\displaystyle{x}</m>=(1.5)(18)</p></li> 
</ul></p>
<p>
Part 2:  Solve for <m>\displaystyle{x}</m>.</p>
<p>
<fillin characters="20" /></p>
</statement>
<solution>
<p><ul><li><p>1.5 <m>\displaystyle{x}</m>=18</p></li><li><p>12</p></li></ul></p>
</solution>
</myopenmath>

