<?xml version="1.0" encoding="UTF-8" ?>
<myopenmath id="1780">
<statement>
<p>Find the length of the hypotenuse of the triangle pictured below.  Give your answer accurate to at least 2 decimal places.</p><figure><image source="https://myopenmaths3.s3.amazonaws.com/gimgs/bf0c7f450661c150eb0363dabaa0af6f.png" /></figure><p><lbracket/>Graphs generated by this script: initPicture(-3,12+3,-3,12+3);path(<lbracket/><lbracket/>0,0<rbracket/>,<lbracket/>12,0<rbracket/>,<lbracket/>0,10<rbracket/>,<lbracket/>0,0<rbracket/><rbracket/>);text(<lbracket/>0,10/2<rbracket/>,"10","left");text(<lbracket/>12/2,0<rbracket/>,"12","below")<rbracket/></p>
<p>
hypotenuse = <fillin characters="6" /></p>
</statement>
<solution>
<p>15.6205</p>
</solution>
</myopenmath>

