<?xml version="1.0" encoding="UTF-8" ?>
<myopenmath id="122007">
<statement>
<p>Use substitution to solve this system of linear equations.
<m>\displaystyle{x}+{4}{y}=-{6}</m>
<m>\displaystyle{12}{y}=-{18}-{3}{x}</m>
Select the correct choice below and, if necessary, enter an ordered pair <m>\displaystyle{\left({x},{y}\right)}</m> to complete your answer.
</p>
<p><ul class="likelines"><li><p>One solution: <fillin characters="20" /></p></li><li><p>No solution</p></li><li><p>Infinite number of solutions</p></li></ul></p>
</statement>
<solution>
<p><m>\displaystyle\text{Infinite number of solutions}</m></p>
</solution>
</myopenmath>

