<?xml version="1.0" encoding="UTF-8" ?>
<myopenmath id="108759">
<statement>
<p>At a farmers' market, Frederick buys 2 pounds of apples and 3 pounds of cherries for <dollar/>10.93. At the same farmers' market, Wilhelmina buys 8 pounds of apples and 7 pounds of cherries for <dollar/>28.97. Determine the price per pound of apples and cherries at the farmers' market. </p>
<p>Apples cost <dollar/><fillin characters="7" /> per pound.</p>
<p>Cherries cost <dollar/><fillin characters="7" /> per pound.</p>
</statement>
<solution>
<p><ul><li><p>1.04</p></li><li><p>2.95</p></li></ul></p>
</solution>
</myopenmath>

