<?xml version="1.0" encoding="UTF-8" ?>
<myopenmath id="4324">
<statement>
<p>A steep mountain is inclined 74 degree to the horizontal and rises to a height of 3400 ft
above the surrounding plain. A cable car is to be installed running to the top of the mountain from a point 850 ft out in the plain from the base of the mountain. Find the shortest length of cable needed.
</p>
<p>
Your answer is <fillin characters="15" />ft;
</p>
</statement>
<solution>
<p>3858.8061938353</p>
</solution>
</myopenmath>

