<?xml version="1.0" encoding="UTF-8" ?>
<myopenmath id="3483">
<statement>
<p>A rental car company charges <m>\displaystyle\${35}</m> plus <m>\displaystyle{45}</m> cents per each mile driven.</p>
<p>
Part1.  Which of the following could be used to model the total cost of the rental where <m>\displaystyle{m}</m> represents the miles driven.</p>
<p><ul label="circle"><li><p><m>\displaystyle{C}={45}{m}+{35}</m></p></li> 
<li><p><m>\displaystyle{C}={4.5}{m}+{35}</m></p></li> 
<li><p><m>\displaystyle{C}={0.45}{m}+{35}</m></p></li> 
</ul></p>
<p>
Part 2.  The total cost of driving <m>\displaystyle{375}</m> miles is;</p>
<p>
<dollar/><fillin characters="20" /></p>
</statement>
<solution>
<p><ul><li><p><m>\displaystyle{C}={0.45}{m}+{35}</m></p></li><li><p>203.75</p></li></ul></p>
</solution>
</myopenmath>

