<?xml version="1.0" encoding="UTF-8" ?>
<myopenmath id="1169">
<statement>
<figure><image source="https://myopenmaths3.s3.amazonaws.com/gimgs/21403f8f28b5e4c6dc612453219838a0.png" /></figure><p><lbracket/>Graphs generated by this script: initPicture(-1,11,-2,11);line(<lbracket/>0,0<rbracket/>,<lbracket/>8,7<rbracket/>);line(<lbracket/>8,7<rbracket/>,<lbracket/>10,0<rbracket/>);line(<lbracket/>10,0<rbracket/>,<lbracket/>0,0<rbracket/>);strokedasharray="3 5";line(<lbracket/>8,0<rbracket/>,<lbracket/>8,7<rbracket/>);text(<lbracket/>8,3.5<rbracket/>,"7","left");text(<lbracket/>5,0<rbracket/>,"10","below");<rbracket/></p>
<p>
Find the area of the triangle pictured above.</p>
<p>
Round your answer to the nearest tenth</p><p><fillin characters="20" /></p>
</statement>
<solution>
<p>35</p>
</solution>
</myopenmath>

