<?xml version="1.0" encoding="UTF-8" ?>
<myopenmath id="1064800">
<statement>
<p>One of the patterns in these tables is a quadratic relationship. Which table is quadratic?</p>
<p><ul label="circle"><li><table><tabular> <row><cell><m>\displaystyle{x}</m></cell><cell><m>\displaystyle{y}</m></cell></row><row><cell>0</cell><cell>4</cell></row><row><cell>1</cell><cell>5</cell></row><row><cell>2</cell><cell>7</cell></row><row><cell>3</cell><cell>10</cell></row><row><cell>4</cell><cell>14</cell></row><row><cell>5</cell><cell>19</cell></row></tabular></table></li> 
<li><table><tabular> <row><cell><m>\displaystyle{x}</m></cell><cell><m>\displaystyle{y}</m></cell></row><row><cell>0</cell><cell>7</cell></row><row><cell>1</cell><cell>21</cell></row><row><cell>2</cell><cell>63</cell></row><row><cell>3</cell><cell>189</cell></row><row><cell>4</cell><cell>567</cell></row><row><cell>5</cell><cell>1701</cell></row></tabular></table></li> 
<li><table><tabular> <row><cell><m>\displaystyle{x}</m></cell><cell><m>\displaystyle{y}</m></cell></row><row><cell>0</cell><cell>7</cell></row><row><cell>1</cell><cell>10</cell></row><row><cell>2</cell><cell>13</cell></row><row><cell>3</cell><cell>16</cell></row><row><cell>4</cell><cell>19</cell></row><row><cell>5</cell><cell>22</cell></row></tabular></table></li> 
</ul></p>
</statement>
<solution>
<table><tabular> <row><cell><m>\displaystyle{x}</m></cell><cell><m>\displaystyle{y}</m></cell></row><row><cell>0</cell><cell>4</cell></row><row><cell>1</cell><cell>5</cell></row><row><cell>2</cell><cell>7</cell></row><row><cell>3</cell><cell>10</cell></row><row><cell>4</cell><cell>14</cell></row><row><cell>5</cell><cell>19</cell></row></tabular></table>
</solution>
</myopenmath>

