<?xml version="1.0" encoding="UTF-8" ?>
<myopenmath id="464320">
<statement>
<p>The cost of a private pilot course is <dollar/>1279. The flight portion costs <dollar/>433 more than the ground school portion. What is the cost of the flight portion alone?
  </p>
<p>
  a) Let <m>\displaystyle{x}</m> represent the cost of the ground school portion. Write a variable expression to represent the cost of the flight portion.
  </p>
<p>
  <fillin characters="20" />
</p>
<p>
  ///
  </p>
<p>
  b) The total cost of the private pilot course can be represented by: Cost of ground school portion + Cost of flight portion = Total Cost</p>
<p>Fill in the boxes using the information from the problem and your expressions from part a:
  </p>
<table><tabular>     
  
    <row>
      <cell>Cost of Ground School</cell>
      <cell>+</cell>
      <cell>Cost of flight portion</cell>
      <cell>=</cell>
      <cell>Total Cost</cell>
    </row>
    <row>
      <cell><fillin characters="20" />
</cell>
      <cell>+</cell>
      <cell><fillin characters="20" />
</cell>
      <cell>=</cell>
      <cell><fillin characters="20" /></cell>
    </row>
  
</tabular></table><p>///
  </p>
<p>c)  Solve the equation <m>\displaystyle{x}+{\left({x}+{433}\right)}={1279}</m> to answer the question.</p>
<p><m>\displaystyle{x}=</m> <fillin characters="20" /></p>
<p>///</p>
<p>d) Since <m>\displaystyle{x}={423}</m> , this tells us: </p>
<p><ul label="circle"><li><p>Flight school portion costs <dollar/>423</p></li> 
<li><p>Ground school portion costs <dollar/>423</p></li> 
</ul></p>
<p>///</p>
<p>e)  We used the expression <m>\displaystyle{x}+{433}</m> to represent the cost of the flight portion.  Knowing that <m>\displaystyle{x}={423}</m> , what is the cost of the flight portion alone?</p>
<p>Flight portion costs <dollar/><fillin characters="20" /></p>
</statement>
<solution>
<p><ul><li><p><m>\displaystyle{x}+{433}</m></p></li><li><p><m>\displaystyle{x}</m></p></li><li><p><m>\displaystyle{x}+{433}</m></p></li><li><p>1279</p></li><li><p>423</p></li><li><p>Ground school portion costs <dollar/>423</p></li><li><p>856</p></li></ul></p>
</solution>
</myopenmath>

