<?xml version="1.0" encoding="UTF-8" ?>
<myopenmath id="371136">
<statement>
<table><tabular>     
  
    <row>
      <cell>
        <p><em>Table 1</em></p>
        <table><tabular> <row><cell><m>\displaystyle{x}</m></cell><cell><m>\displaystyle{y}</m></cell></row><row><cell>0</cell><cell>5</cell></row><row><cell>1</cell><cell>10</cell></row><row><cell>2</cell><cell>20</cell></row><row><cell>3</cell><cell>40</cell></row><row><cell>4</cell><cell>80</cell></row><row><cell>5</cell><cell>160</cell></row></tabular></table>
      </cell>
      <cell>
        <p><em>Table 2</em></p>
        <table><tabular> <row><cell><m>\displaystyle{x}</m></cell><cell><m>\displaystyle{y}</m></cell></row><row><cell>0</cell><cell>4</cell></row><row><cell>1</cell><cell>5</cell></row><row><cell>2</cell><cell>7</cell></row><row><cell>3</cell><cell>10</cell></row><row><cell>4</cell><cell>14</cell></row><row><cell>5</cell><cell>19</cell></row></tabular></table>
      </cell>
      <cell>
        <p><em>Table 3</em></p>
        <table><tabular> <row><cell><m>\displaystyle{x}</m></cell><cell><m>\displaystyle{y}</m></cell></row><row><cell>0</cell><cell>4</cell></row><row><cell>1</cell><cell>6</cell></row><row><cell>2</cell><cell>8</cell></row><row><cell>3</cell><cell>10</cell></row><row><cell>4</cell><cell>12</cell></row><row><cell>5</cell><cell>14</cell></row></tabular></table>
      </cell>
    </row>
  
</tabular></table><p>One of the patterns in the tables above is a quadratic relationship. Which table is quadratic?</p>
<p><ul label="circle"><li><p>Table 1</p></li> 
<li><p>Table 2</p></li> 
<li><p>Table 3</p></li> 
</ul></p>
<p>Explain how you made your choice. </p>
<p><textarea rows="5" name="qn1001" id="qn1001" cols="50"></textarea>
</p>
<p> </p>
</statement>
<solution>
<p><ul><li><p>Table 2</p></li><li></li></ul></p>
</solution>
</myopenmath>

