<?xml version="1.0" encoding="UTF-8" ?>
<myopenmath id="15577">
<statement>
<figure><image source="https://myopenmaths3.s3.amazonaws.com/gimgs/a35e3567742e7c0a1f26703fde15d6bc.png" /></figure><p>
State the run, rise, and slope of the line above.</p>
<p>
run = <fillin characters="1" /></p>
<p>
rise = <fillin characters="1" /></p>
<p>
m = <fillin characters="1" /></p>
</statement>
<solution>
<p><ul><li><p>14</p></li><li><p>4</p></li><li><p><m>\displaystyle\frac{{2}}{{7}}</m></p></li></ul></p>
</solution>
</myopenmath>

