<?xml version="1.0" encoding="UTF-8" ?>
<myopenmath id="3607">
<statement>
<p>What function is graphed below?</p><figure><image source="https://myopenmaths3.s3.amazonaws.com/gimgs/86a5a59ab30c1be8a8ea500396ef7d90.png" /></figure><p><ul label="circle"><li><p><m>\displaystyle{f{{\left({x}\right)}}}={2}^{{x}}</m></p></li> 
<li><p><m>\displaystyle{f{{\left({x}\right)}}}={\left(\frac{{1}}{{3}}\right)}^{{x}}</m></p></li> 
<li><p><m>\displaystyle{f{{\left({x}\right)}}}={5}^{{x}}</m></p></li> 
<li><p><m>\displaystyle{f{{\left({x}\right)}}}={\left(\frac{{1}}{{2}}\right)}^{{x}}</m></p></li> 
<li><p><m>\displaystyle{f{{\left({x}\right)}}}={4}^{{x}}</m></p></li> 
<li><p><m>\displaystyle{f{{\left({x}\right)}}}={3}^{{x}}</m></p></li> 
<li><p><m>\displaystyle{f{{\left({x}\right)}}}={\left(\frac{{1}}{{4}}\right)}^{{x}}</m></p></li> 
<li><p><m>\displaystyle{f{{\left({x}\right)}}}={\left(\frac{{1}}{{5}}\right)}^{{x}}</m></p></li> 
</ul></p>
</statement>
<solution>
<p><m>\displaystyle{f{{\left({x}\right)}}}={\left(\frac{{1}}{{4}}\right)}^{{x}}</m></p>
</solution>
</myopenmath>

