<?xml version="1.0" encoding="UTF-8" ?>
<myopenmath id="2070">
<statement>
<p>Solve the following formula for <m>\displaystyle{x}</m></p>
<p>
<m>\displaystyle{y}={9}{m}{x}+{7}{b}</m></p>
<p>
<m>\displaystyle{x}=</m> <fillin characters="20" />
</p>
<p>
Enter your answer as an expression. </p>
<p> But be careful...to enter an expression like <m>\displaystyle\frac{{{a}+{b}}}{{{3}+{m}}}</m> you need to type <em>(a+b)/(3+m)</em>. You need parentheses for both the numerator and denominator.</p>
</statement>
<solution>
<p><m>\displaystyle\frac{{{y}-{7}{b}}}{{{9}{m}}}</m></p>
</solution>
</myopenmath>

