<?xml version="1.0" encoding="UTF-8" ?>
<myopenmath id="273794">
<statement>
<p>The Richter Scale reading of an earthquake is based on a logarithmic equation. Suppose:</p>
<p>
<m>\displaystyle{R}={\log{{\left(\frac{{A}}{{A}_{{0}}}\right)}}}</m> </p>
<p>
where</p>
<p>
<m>\displaystyle{A}</m> - the measure of the amplitude of the earthquake wave</p>
<p>
<m>\displaystyle{A}_{{0}}</m> the amplitude of the smallest detectable wave (or standard wave).</p>
<p>
An earthquake is measured with a wave amplitude <m>\displaystyle{A}=</m> 0.1146 while the smallest detectable wave <m>\displaystyle{A}_{{0}}</m> is measured at 0.0001 cm. What is the magnitude of this earthquake using the Richter scale, to the nearest tenth?</p>
<p>
The earthquake registered <fillin characters="20" /> on the Richter scale.</p>
</statement>
<solution>
<p>3.1</p>
</solution>
</myopenmath>

