<?xml version="1.0" encoding="UTF-8" ?>
<myopenmath id="2639">
<statement>
<p>A population numbers 12,000 organisms initially and grows by 6.5<percent/> each year.
</p>
<p>
Suppose <m>\displaystyle{P}</m> represents population, and <m>\displaystyle{t}</m> the number of years of growth. An exponential model for the population can be written in the form <m>\displaystyle{P}={a}\cdot{b}^{{t}}</m> where
</p>
<p>
<m>\displaystyle{a}=</m> <fillin characters="5" /> and <m>\displaystyle{b}=</m> <fillin characters="5" />. </p>
</statement>
<solution>
<p><ul><li><p>12000</p></li><li><p>1.065</p></li></ul></p>
</solution>
</myopenmath>

