<?xml version="1.0" encoding="UTF-8" ?>
<myopenmath id="1394">
<statement>
<p>The equation <m>\displaystyle{x}^{{2}}+{5}{x}-{7}={0}</m> has two solutions <m>\displaystyle{A}</m> and <m>\displaystyle{B}</m>
where <m>\displaystyle{A}{<}{B}</m> </p>
<p>  and <m>\displaystyle{A}=</m> <fillin characters="25" />and <m>\displaystyle{B}=</m> <fillin characters="25" /></p>
<p>
Give your answers to 3 decimal places, or as exact expressions.</p>
</statement>
<solution>
<p><ul><li><p>-6.1400549446403</p></li><li><p>1.1400549446403</p></li></ul></p>
</solution>
</myopenmath>

