<?xml version="1.0" encoding="UTF-8" ?>
<myopenmath id="418041">
<statement>
<p>Graph <m>\displaystyle{y}={{\log}_{{10}}{\left({x}\right)}}</m> by first placing the vertical asymptote.</p><figure><image source="https://myopenmaths3.s3.amazonaws.com/gimgs/446ed4c73358e671659dd46ef36bc9a4.png" /></figure><p>
<canvas id="canvas0" width="300" height="300"></canvas>Clear All Draw: </p><figure><image source="/img/tpgenlog.png" /></figure>
</statement>
<solution>
<figure><image source="https://myopenmaths3.s3.amazonaws.com/gimgs/16b57a5e94834a06fc3e4dcdf97f4477.png" /></figure>
</solution>
</myopenmath>

