<?xml version="1.0" encoding="UTF-8" ?>
<myopenmath id="2019">
<statement>
<p>In a Northwest Washington County, speeding fines are determined by the formula:</p>
<p>
<m>\displaystyle{F}={12}{\left({s}-{55}\right)}+{80}</m></p>
<p>
where <m>\displaystyle{F}</m> is the cost, in dollars, of the fine if a person is caught driving at a speed of <m>\displaystyle{s}</m> miles per hour.</p>
<p>
If a fine comes to <dollar/>248, how fast was the person speeding?</p>
<p>
Answer: The person's speed was <fillin characters="6" /> miles per hour.</p>
</statement>
<solution>
<p>69 miles per hour</p>
</solution>
</myopenmath>

