<?xml version="1.0" encoding="UTF-8" ?>
<myopenmath id="33357">
<statement>
<p>In the diagram below, the circle has a radius length of<m>\displaystyle{r}={6}</m> . If the measure of arc <m>\displaystyle{A}{B}={30}</m> °, then what is the area of the unshaded part of the circle <m>\displaystyle{O}</m>?</p><figure><image source="https://myopenmaths3.s3.amazonaws.com/qimages/shadedsectorpic1.PNG" /></figure><p><lbracket/><em><asterisk/><asterisk/>not drawn to scale<asterisk/><asterisk/> </em><rbracket/></p>
<p>Area of unshaded part of circle <m>\displaystyle{O}=</m>  <fillin characters="7" /><m>\displaystyle{u}{n}{i}{t}{s}^{{2}}</m>  </p>
</statement>
<solution>
<p>103.67255756846</p>
</solution>
</myopenmath>

