<?xml version="1.0" encoding="UTF-8" ?>
<myopenmath id="199528">
<statement>
<p>Graph each line.</p>
<table><tabular> 
  
    <row>
      <cell>
        <p><m>\displaystyle{y}+{1}={0}</m></p>
        <p></p>
      </cell>
      <cell></p><figure><image source="https://myopenmaths3.s3.amazonaws.com/gimgs/382783e3071b352a007886716cb35db6.png" /></figure><p>
<canvas id="canvas1000" width="300" height="300"></canvas>Clear All Draw: </p><figure><image source="/img/tpline.gif" /></figure><p></cell>
    </row>
    <row>
      <cell>
        <p><m>\displaystyle{x}-{9}={0}</m></p>
        <p></p>
      </cell>
      <cell></p><figure><image source="https://myopenmaths3.s3.amazonaws.com/gimgs/382783e3071b352a007886716cb35db6.png" /></figure><p>
<canvas id="canvas1001" width="300" height="300"></canvas>Clear All Draw: </p><figure><image source="/img/tpline.gif" /></figure><p></cell>
    </row>
  
</tabular></table>
</statement>
<solution>
<p><ul><li><figure><image source="https://myopenmaths3.s3.amazonaws.com/gimgs/f8f2aa1acf486cc50e6158b4917f6ee4.png" /></figure></li><li><figure><image source="https://myopenmaths3.s3.amazonaws.com/gimgs/3c6ad096dec68615b5262b803cc94ee7.png" /></figure></li></ul></p>
</solution>
</myopenmath>

