<?xml version="1.0" encoding="UTF-8" ?>
<myopenmath id="2645">
<statement>
<p>A worker's contract states that the hourly wage will start at <dollar/>11.50 and will increase by <m>\displaystyle{r}={2.5}</m><percent/> annually, with the raise given every 12 months.
</p>
<p>
The hourly wage can be modeled by the exponential formula <m>\displaystyle{S}={P}{\left({1}+\frac{{r}}{{n}}\right)}^{{{n}{t}}}</m>, where <m>\displaystyle{S}</m> is the future value, <m>\displaystyle{P}</m> is the present value, <m>\displaystyle{r}</m> is the (nominal) yearly rate of increase, <m>\displaystyle{n}</m> is the number of times each year that the wage is increased, and <m>\displaystyle{t}</m> is the time in years.
</p>
<p>
(A) What values should be used for <m>\displaystyle{P}</m>, <em>r</em>, and <m>\displaystyle{n}</m>?
</p>
<p><m>\displaystyle{P}=</m> <fillin characters="5" />,<m>\displaystyle\ \text{ }\ </m> <m>\displaystyle{r}=</m> <fillin characters="5" />,<m>\displaystyle\ \text{ }\ </m> <m>\displaystyle{n}=</m> <fillin characters="5" /></p>
<p>
(B) The final hourly wage in <m>\displaystyle{10}</m> years will equal which dollar amount?
</p>
<p> Answer = <dollar/> <fillin characters="5" />.
</p>
<p> <em> Round answer to the nearest penny.</em></p>
</statement>
<solution>
<p><ul><li><p>11.5</p></li><li><p>0.025</p></li><li><p>1</p></li><li><p>14.72</p></li></ul></p>
</solution>
</myopenmath>

