<?xml version="1.0" encoding="UTF-8" ?>
<myopenmath id="204370">
<statement>
<p>A grain silo is shown below. The silo is only filled halfway full with grain.</p>
<p>
<em>Figure is not drawn to scale.</em>
</p><figure><image source="https://myopenmaths3.s3.amazonaws.com/qimages/204370-cylinderhalffullsilo.png" /></figure><p>3 <em>ft</em>8 <em>ft</em>
Determine the volume of grain in the silo. Round your answer to the nearest hundredth. </p>
<p>
<fillin characters="5" /> </p>
<p><ul label="circle"><li><p>yards</p></li> 
<li><p>cubic yards</p></li> 
<li><p>cubic feet</p></li> 
<li><p>feet</p></li> 
<li><p>cubic meters</p></li> 
<li><p>meters</p></li> 
</ul></p>
</statement>
<solution>
<p>113.1 <m>\displaystyle{f}{t}^{{3}}</m></p>
</solution>
</myopenmath>

