<?xml version="1.0" encoding="UTF-8" ?>
<myopenmath id="2004">
<statement>
<p>An online fax company, EFaxIt.com, has a customer plan where a subscriber pays a monthly subscription fee of <dollar/>6 dollars and can send/receive 140 fax pages at no additional cost. For each page sent or received past the 140 page limit, the customer must pay an overage fee of <dollar/>0.04 per page. The following expression gives the total cost, in dollars, to send <m>\displaystyle{p}</m> pages beyond the plan's monthly limit.</p>
<p>
 <m>\displaystyle{C}={0.04}{p}+{6}</m></p>
<p>
If the monthly bill under this plan comes out to be <dollar/>9.52, what was the total number of pages that were sent or received?</p>
<p>
Answer: The total number of pages sent/received was <fillin characters="20" />.</p>
</statement>
<solution>
<p>228</p>
</solution>
</myopenmath>

