<?xml version="1.0" encoding="UTF-8" ?>
<myopenmath id="14714">
<statement>
<p>Find an equation for the graph shown below.  (<em>Hint</em>: use the form <m>\displaystyle{y}={a}{\left({x}-{h}\right)}^{{2}}+{k}</m>)</p><figure><image source="https://myopenmaths3.s3.amazonaws.com/gimgs/3ee1808d554f73776b2710cc43ac13aa.png" /></figure><p>
<m>\displaystyle{y}=</m> <fillin characters="20" />
</p>
</statement>
<solution>
<p><m>\displaystyle-{2}{\left({x}-{1}\right)}^{{2}}-{3}</m></p>
</solution>
</myopenmath>

