<?xml version="1.0" encoding="UTF-8" ?>
<myopenmath id="182503">
<statement>
<p>Given the table of Celsius and corresponding Fahrenheit temperatures, find the linear relationship where Celsius, <m>\displaystyle{c}</m>, is the input and Fahrenheit, <m>\displaystyle{f}</m>, is the output.</p><table><tabular> <row><cell>Celsius</cell><cell>Fahrenheit</cell></row><row><cell>-15</cell><cell>5</cell></row><row><cell>-10</cell><cell>14</cell></row><row><cell>-5</cell><cell>23</cell></row><row><cell>0</cell><cell>32</cell></row><row><cell>5</cell><cell>41</cell></row><row><cell>10</cell><cell>50</cell></row><row><cell>15</cell><cell>59</cell></row><row><cell>20</cell><cell>68</cell></row></tabular></table><p>
<fillin characters="20" />
</p>
</statement>
<solution>
<p><m>\displaystyle{f}=\frac{{9}}{{5}}{c}+{32}</m></p>
</solution>
</myopenmath>

