<?xml version="1.0" encoding="UTF-8" ?>
<myopenmath id="2946">
<statement>
<p>A bookcase is to have 4 shelves including the top as pictured below. </p><figure><image source="https://myopenmaths3.s3.amazonaws.com/qimages/bookcase97.JPG" /></figure><p>
The width is to be 1 foot less than 2 times the height.  Find the width and the height if the carpenter expects to use 26 feet of lumber to make it.
</p>
<p>Width: <fillin characters="5" /> feet
</p>
<p>Height: <fillin characters="5" /> feet</p>
</statement>
<solution>
<p><ul><li><p>5</p></li><li><p>3</p></li></ul></p>
</solution>
</myopenmath>

