<?xml version="1.0" encoding="UTF-8" ?>
<myopenmath id="4424">
<statement>
<p>To find the distance across a small lake, a surveyor has taken the measurements shown.  Find the distance across the lake using this information.
 </p><figure><image source="https://myopenmaths3.s3.amazonaws.com/gimgs/cfd8639924cd2c004e0d1cc8c8431b35.png" /></figure><p><lbracket/>Graphs generated by this script: setBorder(0); initPicture(-5,5,-3,4); text(<lbracket/>0,-2.5<rbracket/>, "3.82 km"); text(<lbracket/>-2,1<rbracket/>, "2.37 km"); text(<lbracket/>-4.3,-2.3<rbracket/>, "C"); text(<lbracket/>1,3.3<rbracket/>, "B"); text(<lbracket/>4.3,-2.3<rbracket/>, "A"); text(<lbracket/>-2.7,-1.5<rbracket/>,"46.5°"); stroke = "blue"; strokewidth = "5"; path(<lbracket/><lbracket/>4,-1.8<rbracket/>,<lbracket/>3,-1.5<rbracket/>,<lbracket/>2,-1.7<rbracket/>,<lbracket/>1,-1.8<rbracket/>,<lbracket/>0,-1.5<rbracket/>,<lbracket/>-0.4,-1<rbracket/>,<lbracket/>-0.6,0<rbracket/>,<lbracket/>0,1<rbracket/>,<lbracket/>1,1.4<rbracket/>,<lbracket/>1.1,2.5<rbracket/>,<lbracket/>1.3,2.9<rbracket/>,<lbracket/>2,2.7<rbracket/>,<lbracket/>3,2.2<rbracket/>,<lbracket/>3.3,2<rbracket/>,<lbracket/>4,1<rbracket/>,<lbracket/>4.6,0<rbracket/>,<lbracket/>4.7,-0.3<rbracket/>,<lbracket/>4.6,-1<rbracket/>,<lbracket/>4,-1.8<rbracket/> <rbracket/>); strokewidth = "2"; stroke = "red"; path(<lbracket/><lbracket/>1,3<rbracket/>,<lbracket/>-4,-2<rbracket/>,<lbracket/>4,-2<rbracket/><rbracket/>); strokedasharray = "7,3"; line(<lbracket/>1,3<rbracket/>,<lbracket/>4,-2<rbracket/>); strokedasharray = "1,0"; stroke = "black"; strokewidth = "1"; arc(<lbracket/>-3.3,-2<rbracket/>,<lbracket/>-3.505,-1.505<rbracket/>,.7); <rbracket/> 
<em>NOTE:  The triangle is NOT drawn to scale.</em></p>
<p>
distance = <fillin characters="20" /></p>
<p>
<em>Enter your answer as a number; your answer should be accurate to 2 decimal places.</em></p>
</statement>
<solution>
<p>2.783056120316</p>
</solution>
</myopenmath>

