<?xml version="1.0" encoding="UTF-8" ?>
<myopenmath id="1175">
<statement>
<p>Find the area of the triangle shown below</p><figure><image source="https://myopenmaths3.s3.amazonaws.com/gimgs/a6c50d95f9e586cc41d19dda8d0de305.png" /></figure><p><lbracket/>Graphs generated by this script: initPicture(-1,13,-1,10);axes(1,1,1,1);stroke='blue';strokewidth=2;path(<lbracket/><lbracket/>1,3<rbracket/>,<lbracket/>3,3<rbracket/>,<lbracket/>5,8<rbracket/>,<lbracket/>1,3<rbracket/><rbracket/>);<rbracket/></p>
<p>
Area = <fillin characters="20" /></p>
</statement>
<solution>
<p>5</p>
</solution>
</myopenmath>

