<?xml version="1.0" encoding="UTF-8" ?>
<myopenmath id="1057329">
<statement>
<p>A radio tower is located 450 feet from a building. From a window in the building, a person determines that the angle of elevation to the top of the tower is <m>\displaystyle{28}^{\circ}</m> and that the angle of depression to the bottom of the tower is <m>\displaystyle{20}^{\circ}</m>. How tall is the tower?
  </p>
<p>
  <fillin characters="20" /> feet</p>
<p>Give your answer rounded to the nearest foot.</p>
</statement>
<solution>
<p>403</p>
</solution>
</myopenmath>

