<?xml version="1.0" encoding="UTF-8" ?>
<myopenmath id="204172">
<statement>
<p>In Biology class, students store their specimen's for labs at -26 ˚C. To thaw, a specimen is brought to a refrigeration unit. After 1 hour, the specimen's temperature in the refrigeration unit is -18 ˚C.</p>
<p>
<em>a.</em> Sketch a graph to model the situation.</p><figure><image source="https://myopenmaths3.s3.amazonaws.com/gimgs/b73b0218ff3242cef40c9a3e47a39e2f.png" /></figure><p>
<canvas id="canvas1000" width="350" height="350"></canvas>Clear All Draw: </p><figure><image source="/img/tpline.gif" /></figure><figure><image source="/img/tpparab.png" /></figure><figure><image source="/img/tpabs.gif" /></figure><figure><image source="/img/tpdot.gif" /></figure><p>
<em>b.</em> Calculate the rate of change. <em>m</em> = <fillin characters="5" /> degrees per hour</p>
<p>
<em>c.</em> The <em>y</em>-intercept is <fillin characters="5" />. What does it represent in this situation? </p>
<p><ul label="circle"><li><p>The specimen starts at 26 degrees below zero.</p></li> 
<li><p>The temperature goes up 26 degrees per hour.</p></li> 
<li><p>It takes 26 minutes to warm up.</p></li> 
<li><p>The slope is 26.</p></li> 
</ul></p>
<p>
<em>d.</em> The slope is <fillin characters="5" />. What does it represent in this situation? </p>
<p><ul label="circle"><li><p>The <em>y</em>-intercept is 8.</p></li> 
<li><p>The specimen starts at 8 degrees below zero.</p></li> 
<li><p>It takes 8 minutes to warm up.</p></li> 
<li><p>The temperature goes up 8 degrees per hour.</p></li> 
</ul></p>
</statement>
<solution>
<p><ul><li><figure><image source="https://myopenmaths3.s3.amazonaws.com/gimgs/55aa1b24ca436279e9653f8a71dd026a.png" /></figure></li><li><p>8</p></li><li><p>-26</p></li><li></li><li><p>8</p></li><li></li></ul></p>
</solution>
</myopenmath>

