<?xml version="1.0" encoding="UTF-8" ?>
<myopenmath id="232367">
<statement>
<p>Given the measurement 0.001 ft, find the following.</p>
<p>
Precision to nearest <fillin characters="20" /> (thousand, hundred, ten, whole, tenth, hundreth, thousandth)</p>
<p>
Accuracy <fillin characters="20" /> (number of significant digits)</p>
<p>
Greatest possible error <fillin characters="20" /> ft</p>
</statement>
<solution>
<p><ul><li><p>thousandth</p></li><li><p>1</p></li><li><p>0.0005</p></li></ul></p>
</solution>
</myopenmath>

