<?xml version="1.0" encoding="UTF-8" ?>
<myopenmath id="1057110">
<statement>
<figure><image source="https://myopenmaths3.s3.amazonaws.com/qimages/rightriangle.gif" /></figure><p>
Note: Triangle may not be drawn to scale.</p>
<p>
Suppose a = 2 and b = 5.</p>
<p>
Find:</p>
<p>
c = <fillin characters="20" /></p>
<p>
A = <fillin characters="20" /> degrees</p>
<p>
B = <fillin characters="20" /> degrees</p>
<p>
Round all answers to one decimal place.  Give angles in <em>degrees</em></p>
</statement>
<solution>
<p><ul><li><p>5.4</p></li><li><p>21.8</p></li><li><p>68.2</p></li></ul></p>
</solution>
</myopenmath>

