<?xml version="1.0" encoding="UTF-8" ?>
<myopenmath id="42482">
<statement>
<p>If a 25-acre alfalfa field produces 150 tons of hay, how many acres would be needed for a field to produce 300 tons of hay?</p><table><tabular>
  <row>
    <cell> Translate to a proportion: </cell>
    <cell> <fillin characters="20" />
</cell>
    <cell>  </cell>
  </row>
  
      
      
  <row>
  </row><row>
    <cell> A field would need to be <fillin characters="5" /> acres to produce 300 tons of hay. </cell>
  </row>
</tabular></table>
</statement>
<solution>
<p><ul><li><p><m>\displaystyle\frac{{25}}{{150}}=\frac{{x}}{{300}}{\quad\text{or}\quad}\frac{{150}}{{25}}=\frac{{300}}{{x}}</m></p></li><li><p>50 acres</p></li></ul></p>
</solution>
</myopenmath>

