<?xml version="1.0" encoding="UTF-8" ?>
<myopenmath id="40496">
<statement>
<p>Graph the following:</p>
<p>
<m>\displaystyle{f{{\left({x}\right)}}}={\left({x}-{3}\right)}^{{2}}-{1}</m></p>
<p>
The vertex is <fillin characters="7" /></p><figure><image source="https://myopenmaths3.s3.amazonaws.com/gimgs/69e57409a580546c77433ae21d2ae74e.png" /></figure><p>
<canvas id="canvas1001" width="600" height="600"></canvas>Clear All Draw: </p><figure><image source="/img/tpparab.png" /></figure>
</statement>
<solution>
<p><ul><li><p><m>\displaystyle{\left({3},-{1}\right)}</m></p></li><li><figure><image source="https://myopenmaths3.s3.amazonaws.com/gimgs/fc0d5ced010550e05fdddeab3559d22b.png" /></figure></li></ul></p>
</solution>
</myopenmath>

