<?xml version="1.0" encoding="UTF-8" ?>
<myopenmath id="4363">
<statement>
<p>Match each trig function with its ratio.</p><p class="centered"></p>
<p><ul label="circle">
<li class="nowrap"> Sine</li>
<li class="nowrap"> Cosine</li>
<li class="nowrap"> Tangent</li>
</ul></p>
<p class="centered"></p>
<p><ol class="lalpha">
<li><p><m>\displaystyle\frac{{{h}{y}{p}}}{{{o}{p}{p}}}</m></p></li>
<li><p><m>\displaystyle\frac{{{o}{p}{p}}}{{{a}{d}{j}}}</m></p></li>
<li><p><m>\displaystyle\frac{{{a}{d}{j}}}{{{o}{p}{p}}}</m></p></li>
<li><p><m>\displaystyle\frac{{{a}{d}{j}}}{{{h}{y}{p}}}</m></p></li>
<li><p><m>\displaystyle\frac{{{o}{p}{p}}}{{{h}{y}{p}}}</m></p></li>
<li><p><m>\displaystyle\frac{{{h}{y}{p}}}{{{a}{d}{j}}}</m></p></li>
</ol></p> 
</statement>
<solution>
<p>e d b </p>
</solution>
</myopenmath>

