<?xml version="1.0" encoding="UTF-8" ?>
<myopenmath id="1135">
<statement>
<figure><image source="https://myopenmaths3.s3.amazonaws.com/gimgs/c58aa20960efd4526332b25080060628.png" /></figure><p><lbracket/>Graphs generated by this script: initPicture(-3,15,-3,27);fill='yellow';path(<lbracket/><lbracket/>0,0<rbracket/>,<lbracket/>0,14<rbracket/>,<lbracket/>6,24<rbracket/>,<lbracket/>12,14<rbracket/>,<lbracket/>12,0<rbracket/>,<lbracket/>0,0<rbracket/><rbracket/>);text(<lbracket/>0,7<rbracket/>,'14','left');text(<lbracket/>6,0<rbracket/>,'12','below');text(<lbracket/>6,16.5<rbracket/>,'10','right');stroke='gray';line(<lbracket/>0,14<rbracket/>,<lbracket/>12,14<rbracket/>);line(<lbracket/>6,14<rbracket/>,<lbracket/>6,24<rbracket/>);<rbracket/></p>
<p>
Find the area of the shaded region above.</p>
<p>
<fillin characters="20" /></p>
</statement>
<solution>
<p>228</p>
</solution>
</myopenmath>

