<?xml version="1.0" encoding="UTF-8" ?>
<myopenmath id="178558">
<statement>
<p>Recall that light is a wave and so we can use the relationship that the speed of light is the wavelength of a photon multiplied by the frequency of a photon. </p><figure><image source="/cgi-bin/mimetex64.cgi?%5Cdisplaystyle%7Bc%7D%3D%5Clambda%7Bf%7D" /></figure><p> . A famous photon in astronomy is the photon emitted by a hydrogen atom with a frequency of</p><figure><image source="/cgi-bin/mimetex64.cgi?%5Cdisplaystyle%7Bf%7D%3D%7B1440%7D" /></figure><p>  MHz. What is the wavelength of this photon in centimeters? <lbracket/>AB<rbracket/> centimeters </p><p><fillin characters="20" /></p>
</statement>
<solution>
<p>21</p>
</solution>
</myopenmath>

