<?xml version="1.0" encoding="UTF-8" ?>
<myopenmath id="15603">
<statement>
<p>Suppose you start with a full tank of gas (15 gallons) in your truck.  After driving 4 hours, you now have 10 gallons left.</p>
<p>
If x is the number of hours you have been driving, then y is the number of gallons left in the tank.</p>
<p>
At what rate is the gas left in the tank changing? State your answer as a reduced fraction.</p>
<p>
<fillin characters="1" />gallons per hour</p>
<p>
Find an equation of a line in the form y = mx + b that describes the amount of gas in your tank.</p>
<p>
<m>\displaystyle{y}=</m>  <fillin characters="5" />
</p>
</statement>
<solution>
<p><ul><li><p><m>\displaystyle-\frac{{5}}{{4}}</m></p></li><li><p><m>\displaystyle{y}=</m>-5/4<m>\displaystyle{x}+{15}</m></p></li></ul></p>
</solution>
</myopenmath>

