<?xml version="1.0" encoding="UTF-8" ?>
<myopenmath id="122011">
<statement>
<p>Use substitution to solve this system of linear equations.
<m>\displaystyle{y}={2}{x}-{3}</m>
<m>\displaystyle{3}{y}={6}{x}-{7}</m>
Select the correct choice below and, if necessary, enter an ordered pair <m>\displaystyle{\left({x},{y}\right)}</m> to complete your answer.
</p>
<p><ul class="likelines"><li><p>One solution: <fillin characters="20" /></p></li><li><p>No solution</p></li><li><p>Infinite number of solutions</p></li></ul></p>
</statement>
<solution>
<p><m>\displaystyle\text{No solution}</m></p>
</solution>
</myopenmath>

