<?xml version="1.0" encoding="UTF-8" ?>
<myopenmath id="133893">
<statement>
<p>Do the following exponential functions show growth or decay or neither?</p>
<p>A)  </p>
<p><ul label="circle"><li><p>Growth</p></li> 
<li><p>Decay</p></li> 
<li><p>Neither</p></li> 
</ul></p>
      </p><figure><image source="https://myopenmaths3.s3.amazonaws.com/gimgs/3342615981db7814756c512f1b5f8c16.png" /></figure><p>
<p> B)  </p>
<p><ul label="circle"><li><p>Growth</p></li> 
<li><p>Decay</p></li> 
<li><p>Neither</p></li> 
</ul></p>
     </p><figure><image source="https://myopenmaths3.s3.amazonaws.com/gimgs/e53a486985f9fb30a6b4bec3e41fbebb.png" /></figure><p>
     <p> C)  </p>
<p><ul label="circle"><li><p>Neither</p></li> 
<li><p>Growth</p></li> 
<li><p>Decay</p></li> 
</ul></p>
     <m>\displaystyle{y}={0.12}\cdot{\left({0.28}\right)}^{{x}}</m>    <p> D)  </p>
<p><ul label="circle"><li><p>Decay</p></li> 
<li><p>Growth</p></li> 
<li><p>Neither</p></li> 
</ul></p>
     <m>\displaystyle{y}={0.12}\cdot{\left({3.57}\right)}^{{x}}</m> 
<p> </p>
</statement>
<solution>
<p><ul><li><p>Decay</p></li><li><p>Growth</p></li><li><p>Decay</p></li><li><p>Growth</p></li></ul></p>
</solution>
</myopenmath>

