<?xml version="1.0" encoding="UTF-8" ?>
<myopenmath id="1057071">
<statement>
<figure><image source="https://myopenmaths3.s3.amazonaws.com/qimages/rightriangle.gif" /></figure><p>
Note: Triangle may not be drawn to scale.</p>
<p>
Suppose a = 6 and c = 9.</p>
<p>
Find:</p>
<p>
b = <fillin characters="20" /></p>
<p>
A = <fillin characters="20" /> degrees</p>
<p>
B = <fillin characters="20" /> degrees</p>
<p>
Round all answers to one decimal place.  Give angles in <em>degrees</em></p>
</statement>
<solution>
<p><ul><li><p>6.7</p></li><li><p>41.8</p></li><li><p>48.2</p></li></ul></p>
</solution>
</myopenmath>

