<?xml version="1.0" encoding="UTF-8" ?>
<myopenmath id="1064821">
<statement>
<p>Identify which type of pattern each table is. Continue each pattern, filling in the missing rows.</p>
<table><tabular> <row><cell><m>\displaystyle{x}</m></cell><cell><m>\displaystyle{y}</m></cell></row><row><cell>0</cell><cell>4</cell></row><row><cell>1</cell><cell>7</cell></row><row><cell>2</cell><cell>10</cell></row><row><cell>3</cell><cell>13</cell></row><row><cell>4</cell><cell><lbracket/>AB3<rbracket/></cell></row><row><cell>5</cell><cell><lbracket/>AB4<rbracket/></cell></row><row><cell>6</cell><cell>22</cell></row></tabular></table><p>
 is: </p>
<p><ul label="circle"><li><p>Linear</p></li> 
<li><p>Exponential</p></li> 
<li><p>Quadratic</p></li> 
</ul></p>
<table><tabular> <row><cell><m>\displaystyle{x}</m></cell><cell><m>\displaystyle{y}</m></cell></row><row><cell>0</cell><cell>9</cell></row><row><cell>1</cell><cell>27</cell></row><row><cell>2</cell><cell>81</cell></row><row><cell>3</cell><cell>243</cell></row><row><cell>4</cell><cell><lbracket/>AB5<rbracket/></cell></row><row><cell>5</cell><cell><lbracket/>AB6<rbracket/></cell></row><row><cell>6</cell><cell>6561</cell></row></tabular></table><p>
 is: </p>
<p><ul label="circle"><li><p>Linear</p></li> 
<li><p>Exponential</p></li> 
<li><p>Quadratic</p></li> 
</ul></p>
<table><tabular> <row><cell><m>\displaystyle{x}</m></cell><cell><m>\displaystyle{y}</m></cell></row><row><cell>0</cell><cell>2</cell></row><row><cell>1</cell><cell>3</cell></row><row><cell>2</cell><cell>5</cell></row><row><cell>3</cell><cell>8</cell></row><row><cell>4</cell><cell><lbracket/>AB7<rbracket/></cell></row><row><cell>5</cell><cell><lbracket/>AB8<rbracket/></cell></row><row><cell>6</cell><cell>23</cell></row></tabular></table><p>
 is: </p>
<p><ul label="circle"><li><p>Linear</p></li> 
<li><p>Exponential</p></li> 
<li><p>Quadratic</p></li> 
</ul></p>
</statement>
<solution>
<p><ul><li><p>Linear</p></li><li><p>Exponential</p></li><li><p>Quadratic</p></li><li><p>16</p></li><li><p>19</p></li><li><p>729</p></li><li><p>2187</p></li><li><p>12</p></li><li><p>17</p></li></ul></p>
</solution>
</myopenmath>

