<?xml version="1.0" encoding="UTF-8" ?>
<myopenmath id="117588">
<statement>
<table><tabular>   
    <row><cell><em>Volume of a Triangular Prism</em></cell></row>
    <row><cell>  Use the figures below to answer the questions.  <p>The shaded portions of the 3D figure represent the 2D figure we will use as the parallel bases.</p>
<p><em><em>  Round your final results to two decimal places as needed.</em></em> </p></cell> </row><row>
    </row><row><cell><em>Figure A:  3-Dimensional Figure </em><figure><image source="https://myopenmaths3.s3.amazonaws.com/gimgs/49655938549fea85f0d07ad5dd081512.png" /></figure></cell><cell><em>Figure B: 2-Dimensional View of Base </em><figure><image source="https://myopenmaths3.s3.amazonaws.com/gimgs/ff25c71425f6acc6236628488992062a.png" /></figure></cell></row>
    <row><cell>What is the area of the base of the triangular prism? <p><fillin characters="6" /></p>
<p><ul label="circle"><li><p>square m</p></li> 
<li><p>m</p></li> 
<li><p>cubic m</p></li> 
</ul></p>
</cell></row>
    <row><cell>What is the distance between the bases of the triangular prism? <p><fillin characters="6" /></p>
<p><ul label="circle"><li><p>square m</p></li> 
<li><p>cubic m</p></li> 
<li><p>m</p></li> 
</ul></p>
</cell></row>
    <row><cell>What is the volume of the triangular prism?<p> <fillin characters="6" /></p>
<p><ul label="circle"><li><p>m</p></li> 
<li><p>square m</p></li> 
<li><p>cubic m</p></li> 
</ul></p>
</cell></row>
  </tabular></table>
</statement>
<solution>
<p><ul><li><p>17.5</p></li><li><p>square m</p></li><li><p>6</p></li><li><p>m</p></li><li><p>105</p></li><li><p>cubic m</p></li></ul></p>
</solution>
</myopenmath>

