<?xml version="1.0" encoding="UTF-8" ?>
<myopenmath id="4430">
<statement>
<p>A surveyor starting from a point <m>\displaystyle{A}</m> moves N. 29°54′ E. a distance of 612′ 8.25″ to point <m>\displaystyle{B}</m>.
Next, she moves N. 47°52′ E. a distance of 481′ 8.5″ to point <m>\displaystyle{C}</m>.
Next, she walks S. 4°13′ W. a distance of 1505′ 3.5″ to point <m>\displaystyle{D}</m>.
Finally, she returns to the starting point.</p>
<p>
What distance must she walk to return to the starting point? (Answer accurate to the nearest quarter inch.) </p>
<p>
<fillin characters="8" /> feet <ampersand/>; <fillin characters="8" /> inches</p>
<p>
What heading does she walk from the fourth point to return to the starting point? (Answer accurate to the nearest minute.) </p>
<p>
N. <fillin characters="8" />° <fillin characters="8" />′ W.</p>
<p>
What is the acreage of this plot of land? </p>
<p>
area = <fillin characters="8" /> acre </p>
<p>
<em>Your answer should be accurate to 3 decimal places.</em></p>
<p>
Notes: </p>
<p>
<asterisk/> the prime symbol in an angle represents minutes: 60′ = 1° </p>
<p>
<asterisk/> the prime symbol in a length represents feet; double prime = inches; </p>
<p>
<asterisk/> 1 acre = 4840 yd²</p>
</statement>
<solution>
<p><ul><li><p>850</p></li><li><p>4.75</p></li><li><p>40</p></li><li><p>28</p></li><li><p>11.378082522207</p></li></ul></p>
</solution>
</myopenmath>

