<?xml version="1.0" encoding="UTF-8" ?>
<myopenmath id="40498">
<statement>
<p>Graph the following:</p>
<p>
<m>\displaystyle{f{{\left({x}\right)}}}=-{5}{x}^{{2}}</m></p>
<p>
The vertex is <fillin characters="7" /></p><figure><image source="https://myopenmaths3.s3.amazonaws.com/gimgs/69e57409a580546c77433ae21d2ae74e.png" /></figure><p>
<canvas id="canvas1001" width="600" height="600"></canvas>Clear All Draw: </p><figure><image source="/img/tpparab.png" /></figure>
</statement>
<solution>
<p><ul><li><p><m>\displaystyle{\left({0},{0}\right)}</m></p></li><li><figure><image source="https://myopenmaths3.s3.amazonaws.com/gimgs/df9b196b2e80afe56a83d561f3b58d0d.png" /></figure></li></ul></p>
</solution>
</myopenmath>

