<?xml version="1.0" encoding="UTF-8" ?>
<myopenmath id="4413">
<statement>
<p>Given the triangle </p><figure><image source="https://myopenmaths3.s3.amazonaws.com/gimgs/d177ad60870fd5ad5997f517bacd46b2.png" /></figure><p><lbracket/>Graphs generated by this script: initPicture(-15,55,-15,55);line(<lbracket/>0,0<rbracket/>,<lbracket/>25,50<rbracket/>);line(<lbracket/>25,50<rbracket/>,<lbracket/>50,0<rbracket/>);line(<lbracket/>0,0<rbracket/>,<lbracket/>50,0<rbracket/>);text(<lbracket/>5,25<rbracket/>,"19");text(<lbracket/>45,25<rbracket/>,"x");text(<lbracket/>25,-5<rbracket/>,"21");text(<lbracket/>12,6<rbracket/>,"35");circle(<lbracket/>20,10<rbracket/>,1)<rbracket/>, find the length of side <m>\displaystyle{x}</m> using the Law of Cosines.  Round your final answer to 4 decimal places.</p>
<p>
<m>\displaystyle{x}=</m> <fillin characters="20" /></p>
</statement>
<solution>
<p>12.178533107784</p>
</solution>
</myopenmath>

