<?xml version="1.0" encoding="UTF-8" ?>
<myopenmath id="204105">
<statement>
<figure><image source="https://myopenmaths3.s3.amazonaws.com/gimgs/d15d095503f988fe5b85938e9a0d51ec.png" /></figure><p>
What is the slope of the graph?  Leave your answer in simplest form.</p>
<p>
Slope = <fillin characters="3" /></p>
<p>
Identify the <em>y</em>-intercept.</p>
<p>
<em>y</em>-intercept = (0, <fillin characters="2" />)</p>
<p>
Write an equation in slope-intercept form for the graph above.</p>
<p>
<em>y</em> = <fillin characters="6" />
</p>
</statement>
<solution>
<p><ul><li><p><m>\displaystyle-\frac{{3}}{{2}}</m></p></li><li><p>-2</p></li><li><p><m>\displaystyle-\frac{{3}}{{2}}\cdot{x}-{2}</m></p></li></ul></p>
</solution>
</myopenmath>

