<?xml version="1.0" encoding="UTF-8" ?>
<myopenmath id="378209">
<statement>
<p>Determine the accuracy (i.e., the number of significant digits) of this number: <m>\displaystyle{83}</m><m>\displaystyle\overline{{{0}}}</m><m>\displaystyle,{000}</m></p><p><ul label="circle"><li><p><m>\displaystyle{1}</m></p></li> 
<li><p><m>\displaystyle{2}</m></p></li> 
<li><p><m>\displaystyle{3}</m></p></li> 
<li><p><m>\displaystyle{4}</m></p></li> 
<li><p><m>\displaystyle{5}</m></p></li> 
</ul></p>
</statement>
<solution>
<p><m>\displaystyle{3}</m></p>
</solution>
</myopenmath>

