<?xml version="1.0" encoding="UTF-8" ?>
<myopenmath id="1148">
<statement>
<figure><image source="https://myopenmaths3.s3.amazonaws.com/gimgs/ed1ee2e0a061b5b2292368e6b7a5c911.png" /></figure><p><lbracket/>Graphs generated by this script: setBorder(10);initPicture(-1,10,-1,10);axes(1,1,1,1,1);ellipse(<lbracket/>3,5<rbracket/>,3,3);<rbracket/></p>
<p>
Find the area of the circle pictured above.</p>
<p>
Round your answer to the nearest tenth</p><p><fillin characters="20" /></p>
</statement>
<solution>
<p>28.274333882308 or 28.26</p>
</solution>
</myopenmath>

