<?xml version="1.0" encoding="UTF-8" ?>
<myopenmath id="1064809">
<statement>
<table><tabular> <row><cell><m>\displaystyle{x}</m></cell><cell><m>\displaystyle{y}</m></cell></row><row><cell>0</cell><cell>4</cell></row><row><cell>1</cell><cell>6</cell></row><row><cell>2</cell><cell>10</cell></row><row><cell>3</cell><cell>16</cell></row><row><cell>4</cell><cell>24</cell></row><row><cell>5</cell><cell>34</cell></row></tabular></table><p>
 is: </p>
<p><ul label="circle"><li><p>Linear</p></li> 
<li><p>Exponential</p></li> 
<li><p>Quadratic</p></li> 
</ul></p>
<table><tabular> <row><cell><m>\displaystyle{x}</m></cell><cell><m>\displaystyle{y}</m></cell></row><row><cell>0</cell><cell>3</cell></row><row><cell>1</cell><cell>5</cell></row><row><cell>2</cell><cell>7</cell></row><row><cell>3</cell><cell>9</cell></row><row><cell>4</cell><cell>11</cell></row><row><cell>5</cell><cell>13</cell></row></tabular></table><p>
 is: </p>
<p><ul label="circle"><li><p>Linear</p></li> 
<li><p>Exponential</p></li> 
<li><p>Quadratic</p></li> 
</ul></p>
<table><tabular> <row><cell><m>\displaystyle{x}</m></cell><cell><m>\displaystyle{y}</m></cell></row><row><cell>0</cell><cell>7</cell></row><row><cell>1</cell><cell>21</cell></row><row><cell>2</cell><cell>63</cell></row><row><cell>3</cell><cell>189</cell></row><row><cell>4</cell><cell>567</cell></row><row><cell>5</cell><cell>1701</cell></row></tabular></table><p>
 is: </p>
<p><ul label="circle"><li><p>Linear</p></li> 
<li><p>Exponential</p></li> 
<li><p>Quadratic</p></li> 
</ul></p>
</statement>
<solution>
<p><ul><li><p>Quadratic</p></li><li><p>Linear</p></li><li><p>Exponential</p></li></ul></p>
</solution>
</myopenmath>

