<?xml version="1.0" encoding="UTF-8" ?>
<myopenmath id="1585">
<statement>
<p>The <m>\displaystyle\text{pH}</m> scale for acidity is defined by <m>\displaystyle\text{pH}=-{{\log}_{{{10}}}{\left[\text{H}^{+}\right]}}</m>
where   <m>\displaystyle{\left[\text{H}^{+}\right]}</m>is the concentration of hydrogen ions measured in moles per liter (M).
</p>
<p>
A solution has a <m>\displaystyle\text{pH}</m> of 2.55.
</p>
<p>
Calculate the concentration of hydrogen ions in moles per liter (M).
</p>
<p>
The concentration of hydrogen ions is <fillin characters="10" />moles per liter.</p>
</statement>
<solution>
<p>0.0028183829312645</p>
</solution>
</myopenmath>

