<?xml version="1.0" encoding="UTF-8" ?>
<myopenmath id="3097">
<statement>
<p>A quadratic function has its vertex at the point <m>\displaystyle{\left(-{3},{1}\right)}</m>.  The function
passes through the point <m>\displaystyle{\left(-{6},{0}\right)}</m>.  Find the expanded form of the function.
</p>
<p>
The coefficient <m>\displaystyle{a}</m> is  <fillin characters="10" />. </p>
<p>
The coefficient <m>\displaystyle{b}</m> is <fillin characters="10" />. </p>
<p>
The constant term <m>\displaystyle{c}</m> is <fillin characters="10" />.</p>
</statement>
<solution>
<p><ul><li><p>-0.11111111111111</p></li><li><p>-0.66666666666667</p></li><li><p>0</p></li></ul></p>
</solution>
</myopenmath>

