<?xml version="1.0" encoding="UTF-8" ?>
<myopenmath id="42472">
<statement>
<p>Ben goes to the grocery store at a rate of 5 times a week.  How many times would he be expected to go to the grocery store in 14 weeks? Use <m>\displaystyle{x}</m> as the variable.</p><table><tabular>
  <row>
    <cell> Translate to a proportion: </cell>
    <cell> <fillin characters="20" />
</cell>
    <cell>  </cell>
  </row>
  
      
      
  <row>
  </row><row>
    <cell> <m>\displaystyle{x}=</m><fillin characters="3" /> times in 14 weeks </cell>
  </row>
</tabular></table>
</statement>
<solution>
<p><ul><li><p><m>\displaystyle\frac{{1}}{{5}}=\frac{{14}}{{x}}{\quad\text{or}\quad}\frac{{5}}{{1}}=\frac{{x}}{{14}}</m></p></li><li><p>70</p></li></ul></p>
</solution>
</myopenmath>

