<?xml version="1.0" encoding="UTF-8" ?>
<myopenmath id="1057361">
<statement>
<p>A boat is 2000 meters from a cliff. If the angle of depression from the top of the cliff to the boat is <m>\displaystyle{19}^{\circ}</m>, how tall is the cliff? Round your answer to the nearest tenth.</p><figure><image source="https://myopenmaths3.s3.amazonaws.com/qimages/492452-T812c.bmp" /></figure><p>2000 meters</p>
<p>
The cliff is <fillin characters="5" /> meters tall.</p>
<p>
<em>Figure is not to scale.</em></p>
</statement>
<solution>
<p>688.7</p>
</solution>
</myopenmath>

