<?xml version="1.0" encoding="UTF-8" ?>
<myopenmath id="122134">
<statement>
<p>Use elimination to solve this system of linear equations.
<m>\displaystyle{\left.\begin{array}{ccccc} {8}{x}\amp-\amp{6}{y}\amp=\amp-{4}\\{12}{x}\amp-\amp{9}{y}\amp=\amp-{5}\end{array}\right.}</m>
Select the correct choice below and, if necessary, enter an ordered pair <m>\displaystyle{\left({x},{y}\right)}</m> to complete your answer.
</p>
<p><ul class="likelines"><li><p>One solution: <fillin characters="20" /></p></li><li><p>No solution</p></li><li><p>Infinite number of solutions</p></li></ul></p>
</statement>
<solution>
<p><m>\displaystyle\text{No solution}</m></p>
</solution>
</myopenmath>

