<?xml version="1.0" encoding="UTF-8" ?>
where not met in 200 iterations<myopenmath id="32076">
<statement>
<p>The side lengths of Δ<m>\displaystyle{A}{B}{C}</m>  are given below.
  </p>
<p>
  <m>\displaystyle{A}{B}={2}</m> </p>
<p><m>\displaystyle{B}{C}={6}</m> </p>
<p><m>\displaystyle{A}{C}={7}</m> 
  </p>
<p>
  The side lengths of  Δ<m>\displaystyle{R}{S}{T}</m> are given below.
  </p>
<p>
  <m>\displaystyle{R}{S}=</m> <m>\displaystyle{1}</m> </p>
<p><m>\displaystyle{S}{T}=</m> <m>\displaystyle{3}</m> </p>
<p><m>\displaystyle{R}{T}=</m> <m>\displaystyle{28}</m> 
  </p>
<p>
  Simplify the given corresponding side ratios:
  </p>
<p>
  <m>\displaystyle\frac{{{R}{S}}}{{{A}{B}}}=</m> <fillin characters="5" />   <m>\displaystyle\frac{{{S}{T}}}{{{B}{C}}}=</m>  <fillin characters="5" />      <m>\displaystyle\frac{{{R}{T}}}{{{A}{C}}}=</m> <fillin characters="5" /></p>
<p>
  Is Δ<m>\displaystyle{A}{B}{C}</m><tilde/> Δ<m>\displaystyle{R}{S}{T}</m> ?</p>
<p><ul label="circle"><li><p>No</p></li> 
<li><p>Yes</p></li> 
</ul></p>
</statement>
<solution>
<p><ul><li><p>0.5</p></li><li><p>0.5</p></li><li><p>4</p></li><li><p>No</p></li></ul></p>
</solution>
</myopenmath>

