<?xml version="1.0" encoding="UTF-8" ?>
<myopenmath id="1782">
<statement>
<p>Find the length of the leg <em>x</em>, as an exact value or to at least 2 decimal places.</p><figure><image source="https://myopenmaths3.s3.amazonaws.com/gimgs/6a500ba943092782e56aad87f8b4ffbe.png" /></figure><p><lbracket/>Graphs generated by this script: initPicture(-3,16.124515496597+3,-3,16.124515496597+3);rect(<lbracket/>0,0<rbracket/>,<lbracket/>1,1<rbracket/>);path(<lbracket/><lbracket/>0,0<rbracket/>,<lbracket/>8,0<rbracket/>,<lbracket/>0,16.124515496597<rbracket/>,<lbracket/>0,0<rbracket/><rbracket/>);text(<lbracket/>8/2,16.124515496597/2<rbracket/>,'18','right');text(<lbracket/>0,16.124515496597/2<rbracket/>,'x','left');text(<lbracket/>8/2,0<rbracket/>,'8','below');<rbracket/></p>
<p>
<em>x</em> = <fillin characters="20" /></p>
</statement>
<solution>
<p>16.124515</p>
</solution>
</myopenmath>

