<?xml version="1.0" encoding="UTF-8" ?>
<myopenmath id="1174">
<statement>
<p>Find the area of the triangle shown below</p><figure><image source="https://myopenmaths3.s3.amazonaws.com/gimgs/53a1eb8ce6dbdfa616d1726d41da78b1.png" /></figure><p><lbracket/>Graphs generated by this script: initPicture(-1,10,-1,10);axes(1,1,1,1);stroke='blue';strokewidth=2;path(<lbracket/><lbracket/>2,3<rbracket/>,<lbracket/>3,3<rbracket/>,<lbracket/>3,7<rbracket/>,<lbracket/>2,3<rbracket/><rbracket/>);<rbracket/></p>
<p>
Area = <fillin characters="20" /></p>
</statement>
<solution>
<p>2</p>
</solution>
</myopenmath>

