<?xml version="1.0" encoding="UTF-8" ?>
<myopenmath id="122019">
<statement>
<p>Use elimination to solve this system of linear equations.
<m>\displaystyle{\left.\begin{array}{ccccc} {x}\amp+\amp{2}{y}\amp=\amp-{1}\\-{x}\amp+\amp{3}{y}\amp=\amp-{9}\end{array}\right.}</m>
Select the correct choice below and, if necessary, enter an ordered pair <m>\displaystyle{\left({x},{y}\right)}</m> to complete your answer.
</p>
<p><ul class="likelines"><li><p>One solution: <fillin characters="20" /></p></li><li><p>No solution</p></li><li><p>Infinite number of solutions</p></li></ul></p>
</statement>
<solution>
<p><m>\displaystyle{\left({3},-{2}\right)}</m></p>
</solution>
</myopenmath>

