<?xml version="1.0" encoding="UTF-8" ?>
<myopenmath id="3606">
<statement>
<p>The table below shows values from the function <m>\displaystyle{f{{\left({x}\right)}}}={b}^{{x}}</m>.  Identify <m>\displaystyle{b}</m>.</p><table><tabular>  <row><cell><m>\displaystyle{x}</m></cell><cell>-2</cell><cell>-1</cell><cell>0</cell><cell>1</cell><cell>2</cell></row><row><cell><m>\displaystyle{f{{\left({x}\right)}}}</m></cell><cell><m>\displaystyle\frac{{1}}{{64}}</m></cell><cell><m>\displaystyle\frac{{1}}{{8}}</m></cell><cell><m>\displaystyle{1}</m></cell><cell><m>\displaystyle{8}</m></cell><cell><m>\displaystyle{64}</m></cell></row></tabular></table><p>
<m>\displaystyle{b}=</m> <fillin characters="20" /></p>
</statement>
<solution>
<p>8</p>
</solution>
</myopenmath>

