<?xml version="1.0" encoding="UTF-8" ?>
<myopenmath id="234907">
<statement>
<p>Identify the rate of change and initial value for the linear situation modeled below.
  </p><table><tabular> <row><cell><m>\displaystyle{x}</m></cell><cell><m>\displaystyle{y}</m></cell></row><row><cell>0</cell><cell>8</cell></row><row><cell>2</cell><cell>20</cell></row><row><cell>4</cell><cell>32</cell></row><row><cell>6</cell><cell>44</cell></row><row><cell>8</cell><cell>56</cell></row></tabular></table><p>
  Rate of change:  <fillin characters="7" /></p>
<p>
  Initial Value:  <fillin characters="7" /></p>
</statement>
<solution>
<p><ul><li><p>Rate of Change: <m>\displaystyle{6}</m>   Rate of change is a unit rate (how many y's for every 1 x). So it is calculated as <m>\displaystyle\frac{{\Delta{y}}}{{\Delta{x}}}</m> . In this case <m>\displaystyle\Delta{y}={12}</m> and <m>\displaystyle\Delta{x}={2}</m> , so <m>\displaystyle\frac{{\Delta{y}}}{{\Delta{x}}}=\frac{{12}}{{2}}={6}</m> </p></li><li><p>Initial Value: <m>\displaystyle{8}</m>  Initial value is the starting amount. Mathematically the start is represented by when <m>\displaystyle{x}</m> is <m>\displaystyle{0}</m> . So we find <m>\displaystyle{0}</m> under the <m>\displaystyle{x}</m> column and look at the y-value next to it.</p></li></ul></p>
</solution>
</myopenmath>

