<?xml version="1.0" encoding="UTF-8" ?>
<myopenmath id="3600">
<statement>
<p>The function below has the form <m>\displaystyle{f{{\left({x}\right)}}}={b}^{{x}}+{k}</m>.</p><figure><image source="https://myopenmaths3.s3.amazonaws.com/gimgs/560e8992a2efb37725817acad5091b0f.png" /></figure><p>
Which of the following functions is shown on the graph?
</p>
<p><ul label="circle"><li><p><m>\displaystyle{f{{\left({x}\right)}}}={\left(\frac{{1}}{{4}}\right)}^{{x}}+{4}</m></p></li> 
<li><p><m>\displaystyle{f{{\left({x}\right)}}}={\left(\frac{{1}}{{4}}\right)}^{{x}}+{5}</m></p></li> 
<li><p><m>\displaystyle{f{{\left({x}\right)}}}={4}^{{x}}+{5}</m></p></li> 
<li><p><m>\displaystyle{f{{\left({x}\right)}}}={\left(\frac{{1}}{{4}}\right)}^{{x}}-{5}</m></p></li> 
<li><p><m>\displaystyle{f{{\left({x}\right)}}}={4}^{{x}}-{5}</m></p></li> 
<li><p><m>\displaystyle{f{{\left({x}\right)}}}={\left(\frac{{1}}{{4}}\right)}^{{x}}+{6}</m></p></li> 
<li><p><m>\displaystyle{f{{\left({x}\right)}}}={4}^{{x}}+{4}</m></p></li> 
<li><p><m>\displaystyle{f{{\left({x}\right)}}}={4}^{{x}}+{6}</m></p></li> 
</ul></p>
</statement>
<solution>
<p><m>\displaystyle{f{{\left({x}\right)}}}={4}^{{x}}+{5}</m></p>
</solution>
</myopenmath>

