<?xml version="1.0" encoding="UTF-8" ?>
<myopenmath id="1498">
<statement>
<p>Find the exponential function <m>\displaystyle{f{{\left({x}\right)}}}={C}{a}^{{x}}</m> whose graph goes through the
points <m>\displaystyle{\left({0},{3}\right)}</m> and <m>\displaystyle{\left({3},{24}\right)}</m>.
</p>
<p>
<m>\displaystyle{a}=</m> <fillin characters="10" />,
</p>
<p>
<m>\displaystyle{C}=</m> <fillin characters="10" />.
</p>
</statement>
<solution>
<p><ul><li><p>2</p></li><li><p>3</p></li></ul></p>
</solution>
</myopenmath>

