<?xml version="1.0" encoding="UTF-8" ?>
<myopenmath id="1064466">
<statement>
<p>Put the the people in order from lowest pay rate to greatest pay rate.</p>
<p> <em>(Note variables:  x = time in hours, y = dollars earned)</em></p>
<p><ul>
  <li><p><em>Person A</em></p>
<p><m>\displaystyle{y}={12.5}{x}</m></p></li>
  <li><p><em>Person B</em></p>
<p>Draeden earned <dollar/>42 after 4 hours of work.</p></li>
  <li><p><em>Person C</em></p><table><tabular> 
      
        <row>
          <cell>Time (hours)</cell>
          <cell>Total (dollars)</cell>
        </row>
        <row>
          <cell>0.5</cell>
          <cell>6.75</cell>
        </row>
        <row>
          <cell>2</cell>
          <cell>27</cell>
        </row>
        <row>
          <cell>6</cell>
          <cell>81</cell>
        </row>
      
    </tabular></table></li>
  <li><p><em>Person D</em></p><figure><image source="https://myopenmaths3.s3.amazonaws.com/gimgs/116d5d820c3028711ae0f1945c06c929.png" /></figure></li>
</ul></p>
<p><em>Lowest to Greatest</em></p>
<p><ul label="circle"><li><p>A</p></li> 
<li><p>B</p></li> 
<li><p>C</p></li> 
<li><p>D</p></li> 
</ul></p>
 <p><ul label="circle"><li><p>A</p></li> 
<li><p>B</p></li> 
<li><p>C</p></li> 
<li><p>D</p></li> 
</ul></p>
 <p><ul label="circle"><li><p>A</p></li> 
<li><p>B</p></li> 
<li><p>C</p></li> 
<li><p>D</p></li> 
</ul></p>
 <p><ul label="circle"><li><p>A</p></li> 
<li><p>B</p></li> 
<li><p>C</p></li> 
<li><p>D</p></li> 
</ul></p>
</statement>
<solution>
<p><ul><li><p>D</p></li><li><p>B</p></li><li><p>A</p></li><li><p>C</p></li></ul></p>
</solution>
</myopenmath>

