<?xml version="1.0" encoding="UTF-8" ?>
<myopenmath id="121998">
<statement>
<p>Use substitution to solve this system of linear equations.
<m>\displaystyle{4}{x}-{6}{y}={70}</m>
<m>\displaystyle{2}{x}+{y}={7}</m>
Select the correct choice below and, if necessary, enter an ordered pair <m>\displaystyle{\left({x},{y}\right)}</m> to complete your answer.
</p>
<p><ul class="likelines"><li><p>One solution: <fillin characters="20" /></p></li><li><p>No solution</p></li><li><p>Infinite number of solutions</p></li></ul></p>
</statement>
<solution>
<p><m>\displaystyle{\left({7},-{7}\right)}</m></p>
</solution>
</myopenmath>

