<?xml version="1.0" encoding="UTF-8" ?>
<myopenmath id="1064879">
<statement>
<p>The half-life of caffeine in the human body is about 6.1 hours. A cup of coffee has about 90 mg of caffeine.</p>
<p><ol>
  <li><p>
    Write an equation for the amount of caffeine in a person's body after drinking a cup of coffee? Let <em>C</em> be the milligrams of caffeine in the body after <em>t</em> hours.</p>
<p>
    <fillin characters="20" />
</p></li>
  <li><p>
    How much caffeine will remain after 10 hours? </p>
<p>
    <fillin characters="3" /> mg</p>
<p>
    State your answer to the nearest hundredth of a mg.
  </p></li>
  <li><p>
    How long until there are only 20 mg remaining?</p>
<p>
    <fillin characters="3" /> hours</p>
<p>
    State your answer to the nearest hundredth of an hour.
  </p></li>
</ol></p>
</statement>
<solution>
<p><ul><li><p><m>\displaystyle{C}={90}\cdot{\left(\frac{{1}}{{2}}\right)}^{{\frac{{t}}{{6.1}}}}</m></p></li><li><p>about 28.89 mg</p></li><li><p>about 13.24 hours</p></li></ul></p>
</solution>
</myopenmath>

