<?xml version="1.0" encoding="UTF-8" ?>
<myopenmath id="126782">
<statement>
<p>You are in charge of drinks for a community barbecue. You need to supply at least 120 cups of beverage to provide enough for the projected number of people that will attend. So far, you have received the following donations:</p>
<p><ul style="list-style-type: circle;">
<li><p>Enough mix to make 5 gallons of lemonade</p></li>
<li><p>7 bottles of fruit juice that each contain 64 fl. oz.</p></li>
</ul></p>
<p>How many cups of beverage do you have?</p>
<p><fillin characters="4" /></p>
<p>Will you have enough for the barbecue?</p>
<p><ul label="circle"><li><p>no</p></li> 
<li><p>yes</p></li> 
</ul></p>
</statement>
<solution>
<p><ul><li><p>136</p></li><li><p>yes</p></li></ul></p>
</solution>
</myopenmath>

