<?xml version="1.0" encoding="UTF-8" ?>
<myopenmath id="434001">
<statement>
<p>What is the area of the quadrilateral on the Geoboard below?</p>
<p>
The distance between points vertically and horizontally is 1 cm.</p>
</p><figure><image source="https://myopenmaths3.s3.amazonaws.com/gimgs/963f60fad83d40f662cbcb9a1b97ff6d.png" /></figure><p><lbracket/>Graphs generated by this script: initPicture(0,6,0,6);circle(<lbracket/>1,1<rbracket/>,0.05);circle(<lbracket/>1,2<rbracket/>,0.05);circle(<lbracket/>1,3<rbracket/>,0.05);circle(<lbracket/>1,4<rbracket/>,0.05);circle(<lbracket/>1,5<rbracket/>,0.05);circle(<lbracket/>2,1<rbracket/>,0.05);circle(<lbracket/>2,2<rbracket/>,0.05);circle(<lbracket/>2,3<rbracket/>,0.05);circle(<lbracket/>2,4<rbracket/>,0.05);circle(<lbracket/>2,5<rbracket/>,0.05);circle(<lbracket/>3,1<rbracket/>,0.05);circle(<lbracket/>3,2<rbracket/>,0.05);circle(<lbracket/>3,3<rbracket/>,0.05);circle(<lbracket/>3,4<rbracket/>,0.05);circle(<lbracket/>3,5<rbracket/>,0.05);circle(<lbracket/>4,1<rbracket/>,0.05);circle(<lbracket/>4,2<rbracket/>,0.05);circle(<lbracket/>4,3<rbracket/>,0.05);circle(<lbracket/>4,4<rbracket/>,0.05);circle(<lbracket/>4,5<rbracket/>,0.05);circle(<lbracket/>5,1<rbracket/>,0.05);circle(<lbracket/>5,2<rbracket/>,0.05);circle(<lbracket/>5,3<rbracket/>,0.05);circle(<lbracket/>5,4<rbracket/>,0.05);circle(<lbracket/>5,5<rbracket/>,0.05); stroke='blue';path(<lbracket/><lbracket/>1,1<rbracket/>, <lbracket/>2,5<rbracket/>, <lbracket/>3,5<rbracket/>, <lbracket/>5,2<rbracket/>, <lbracket/>1,1<rbracket/><rbracket/>);axes();<rbracket/>
<p>The area is <fillin characters="3" /> <m>\displaystyle\text{cm}^{{2}}</m>.</p>
</statement>
<solution>
<p>9</p>
</solution>
</myopenmath>

