<?xml version="1.0" encoding="UTF-8" ?>
<myopenmath id="2654">
<statement>
<p>Solve each equation for <m>\displaystyle{x}</m>. If needed, first convert from exponential to logarithmic form. <em>Round answers to 3 decimal places.  If there is no solution enter </em> DNE.
</p>
<p>
(a) <m>\displaystyle{10}^{{x}}={6686}</m>
</p>
<p>
<m>\displaystyle{x}=</m> <fillin characters="5" />
</p>
<p>
(b) <m>\displaystyle{10}^{{x}}={0.002}</m>
</p>
<p>
<m>\displaystyle{x}=</m> <fillin characters="5" />
</p>
<p>
(c) <m>\displaystyle{10}^{{x}}=-{2}</m>
</p>
<p>
<m>\displaystyle{x}=</m> <fillin characters="5" />
</p>
<p>
(d) <m>\displaystyle{10}^{{x}}={0}</m>
</p>
<p>
<m>\displaystyle{x}=</m> <fillin characters="5" />
</p>
</statement>
<solution>
<p><ul><li><p>3.825</p></li><li><p>-2.699</p></li><li><p>DNE</p></li><li><p>DNE</p></li></ul></p>
</solution>
</myopenmath>

