<?xml version="1.0" encoding="UTF-8" ?>
<myopenmath id="1033347">
<statement>
<table><tabular>   
  <row><cell>Solving Problems with the Area of a Circle</cell></row>
  <row><cell>  Answer the questions below based on the diagrams given. <p><em><em>Use 3.14 as an approximation for <m>\displaystyle\pi</m> in all of your computations.</em></em></p>
<p>Round any answers to two decimal places as needed.  </p></cell></row>
    <row><cell><em>Medium Pizza </em>
      <figure><image source="https://myopenmaths3.s3.amazonaws.com/gimgs/c25df5babac4c08e50167e07d6e19465.png" /></figure><p><lbracket/>Graphs generated by this script: initPicture(10-5-1,10+5+1,10-5-1,10+5+1);  strokewidth=3; circle(<lbracket/>10,10<rbracket/>,5);line(<lbracket/>10-5,10<rbracket/>,<lbracket/>10+5,10<rbracket/>);fontsize = '18';fontstyle = 'bold'; text(<lbracket/>10,10<rbracket/>,'10 in.' ,above); <rbracket/>  </p></cell><cell><em>Large Pizza </em>
      <figure><image source="https://myopenmaths3.s3.amazonaws.com/gimgs/20806077acb4b704608e95ae7e9e7e1d.png" /></figure><p><lbracket/>Graphs generated by this script: initPicture(10-6-1,10+6+1,10-6-1,10+6+1);  strokewidth=3; circle(<lbracket/>10,10<rbracket/>,6);line(<lbracket/>10-6,10<rbracket/>,<lbracket/>10+6,10<rbracket/>);fontsize = '18';fontstyle = 'bold'; text(<lbracket/>10,10<rbracket/>,'12 in.' ,above); <rbracket/></p></cell></row>
    <row><cell>  Chloe and a friend are ordering pizza.  They have a choice between a Medium or Large Pizza as shown in the diagrams above. </cell> </row>
    <row><cell>How many square inches is the Medium Pizza?
      <p> <fillin characters="2" /><m>\displaystyle\text{in}^{{2}}</m> </p></cell><cell>How many square inches is the Large Pizza? <p> <fillin characters="2" /><m>\displaystyle\text{in}^{{2}}</m> </p></cell></row>
    <row><cell>  The diameter of the Large pizza is <fillin characters="2" />times as large as the Medium Pizza. </cell> </row>
    <row><cell>  The area of the Large pizza is <fillin characters="2" />times as large as the Medium Pizza. </cell> </row>
    <row><cell>  If the Medium Pizza costs <dollar/><m>\displaystyle{15}</m>, how much should the Large pizza cost to be of equal value? <dollar/><fillin characters="2" /></cell> </row>
    <row><cell>  <em>Pizza Math Moral:  Unless you have a coupon or there is a special deal going on, it is almost always a better value to order the larger pizza!</em>  </cell> </row>
</tabular></table>
</statement>
<solution>
<p><ul><li><p>78.5</p></li><li><p>113.04</p></li><li><p>1.2</p></li><li><p>1.44</p></li><li><p>21.6</p></li></ul></p>
</solution>
</myopenmath>

