<?xml version="1.0" encoding="UTF-8" ?>
<myopenmath id="204314">
<statement>
<p>Zheng needs enough mulch to cover the triangular garden shown and enough paving stones to border it. If one bag of mulch covers 11 square feet and one paving stone provides a 6-inch border, how many bags of mulch and how many stones does she need to buy?</p>
<p><em>Figure is not to scale</em></p><figure><image source="https://myopenmaths3.s3.amazonaws.com/qimages/204314-obtusewalt.png" /></figure><p>14 ft9 ft22.8 ft11.4 ft</p><table><tabular> 
  <row><cell>Area: <fillin characters="5" /> <m>\displaystyle{f}{t}^{{2}}</m></cell><cell><fillin characters="5" /> bags of mulch</cell></row>
  <row><cell>Perimeter: <fillin characters="5" /> ft</cell><cell><fillin characters="5" /> paving stones</cell></row>
</tabular></table>
</statement>
<solution>
<p><ul><li><p>63</p></li><li><p>48.2</p></li><li><p>6</p></li><li><p>97</p></li></ul></p>
</solution>
</myopenmath>

