<?xml version="1.0" encoding="UTF-8" ?>
<myopenmath id="428652">
<statement>
<p>Graph the function <m>\displaystyle{y}={{\log}_{{2}}{\left({x}\right)}}</m> 
</p>
<p><em>Tool help: First click to position the asymptote, then click two points on the graph.</em>
</p><figure><image source="https://myopenmaths3.s3.amazonaws.com/gimgs/864a30251857ee1034accc8cbd2e2e0a.png" /></figure><p>
<canvas id="canvas0" width="300" height="300"></canvas>Clear All Draw: </p><figure><image source="/img/tpline.gif" /></figure><figure><image source="/img/tpparab.png" /></figure><figure><image source="/img/tpgenexp.png" /></figure><figure><image source="/img/tpgenlog.png" /></figure>
</statement>
<solution>
<figure><image source="https://myopenmaths3.s3.amazonaws.com/gimgs/6cbca888042fc3fdf9a461d006346c62.png" /></figure>
</solution>
</myopenmath>

