<?xml version="1.0" encoding="UTF-8" ?>
<myopenmath id="372738">
<statement>
<table><tabular>     
  
    <row>
      <cell>
        <p><em>Table 1</em></p>
        <table><tabular> <row><cell><m>\displaystyle{x}</m></cell><cell><m>\displaystyle{y}</m></cell></row><row><cell>0</cell><cell>9</cell></row><row><cell>1</cell><cell>27</cell></row><row><cell>2</cell><cell>81</cell></row><row><cell>3</cell><cell>243</cell></row><row><cell>4</cell><cell>729</cell></row><row><cell>5</cell><cell>2187</cell></row></tabular></table>
      </cell>
      <cell>
        <p><em>Table 2</em></p>
        <table><tabular> <row><cell><m>\displaystyle{x}</m></cell><cell><m>\displaystyle{y}</m></cell></row><row><cell>0</cell><cell>3</cell></row><row><cell>1</cell><cell>11</cell></row><row><cell>2</cell><cell>19</cell></row><row><cell>3</cell><cell>27</cell></row><row><cell>4</cell><cell>35</cell></row><row><cell>5</cell><cell>43</cell></row></tabular></table>
      </cell>
      <cell>
        <p><em>Table 3</em></p>
        <table><tabular> <row><cell><m>\displaystyle{x}</m></cell><cell><m>\displaystyle{y}</m></cell></row><row><cell>0</cell><cell>4</cell></row><row><cell>1</cell><cell>6</cell></row><row><cell>2</cell><cell>10</cell></row><row><cell>3</cell><cell>16</cell></row><row><cell>4</cell><cell>24</cell></row><row><cell>5</cell><cell>34</cell></row></tabular></table>
      </cell>
    </row>
  
</tabular></table><p>Table 1 is: </p>
<p><ul label="circle"><li><p>Linear</p></li> 
<li><p>Exponential</p></li> 
<li><p>Quadratic</p></li> 
</ul></p>
<p>Table 2 is: </p>
<p><ul label="circle"><li><p>Linear</p></li> 
<li><p>Exponential</p></li> 
<li><p>Quadratic</p></li> 
</ul></p>
<p>Table 3 is: </p>
<p><ul label="circle"><li><p>Linear</p></li> 
<li><p>Exponential</p></li> 
<li><p>Quadratic</p></li> 
</ul></p>
<p>Explain how you made your choices. </p>
<p><textarea rows="5" name="qn1003" id="qn1003" cols="50"></textarea>
</p>
<p> </p>
</statement>
<solution>
<p><ul><li><p>Exponential</p></li><li><p>Linear</p></li><li><p>Quadratic</p></li><li></li></ul></p>
</solution>
</myopenmath>

