<?xml version="1.0" encoding="UTF-8" ?>
<myopenmath id="2646">
<statement>
<p>A worker's contract states that the hourly wage will start at <dollar/>9.50 and will increase by <m>\displaystyle{r}={5.5}</m><percent/> annually, with half the annual raise given every 6 months.
</p>
<p>
The hourly wage can be modeled by the exponential formula <m>\displaystyle{S}={P}{\left({1}+\frac{{r}}{{n}}\right)}^{{{n}{t}}}</m>, where <m>\displaystyle{S}</m> is the future value, <m>\displaystyle{P}</m> is the present value, <m>\displaystyle{r}</m> is the (nominal or stated) annual rate of increase, <m>\displaystyle{n}</m> is the number of times each year that the wage is increased, and <m>\displaystyle{t}</m> is the time in years.
</p>
<p>
(A) What values should be used for <m>\displaystyle{P}</m>, <em>r</em>, and <m>\displaystyle{n}</m>?
</p>
<p><m>\displaystyle{P}=</m> <fillin characters="5" />,<m>\displaystyle\ \text{ }\ </m> <m>\displaystyle{r}=</m> <fillin characters="5" />,<m>\displaystyle\ \text{ }\ </m> <m>\displaystyle{n}=</m> <fillin characters="5" /></p>
<p>
(B) The final hourly wage in <m>\displaystyle{7}</m> years will equal which dollar amount?
</p>
<p> Answer = <dollar/> <fillin characters="5" />.
</p>
<p> <em> Round answer to the nearest penny.</em></p>
<p>
(C) The actual annual percent increase is <fillin characters="5" /><percent/>.
</p>
<p> <em> Round answer to 3 decimal places.</em></p>
</statement>
<solution>
<p><ul><li><p>9.5</p></li><li><p>0.055</p></li><li><p>2</p></li><li><p>13.89</p></li><li><p><m>\displaystyle{\left({1}+\frac{{0.055}}{{2}}\right)}^{{2}}-{1}={0.0557563}</m> = 5.576<percent/></p></li></ul></p>
</solution>
</myopenmath>

