<?xml version="1.0" encoding="UTF-8" ?>
<myopenmath id="1763">
<statement>
<p>For each table below, could the table represent a function that is linear, exponential, or neither?</p><table><tabular> <row><cell><em>x</em></cell><cell>1</cell><cell>2</cell><cell>3</cell><cell>4</cell></row>
<row><cell><em>f(x)</em></cell><cell>90</cell><cell>81</cell><cell>72.9</cell><cell>65.61</cell></row>
</tabular></table><p>
f(x) is </p>
<p><ul label="circle"><li><p>Exponential</p></li> 
<li><p>Linear</p></li> 
<li><p>Neither</p></li> 
</ul></p>
<table><tabular> <row><cell><em>x</em></cell><cell>1</cell><cell>2</cell><cell>3</cell><cell>4</cell></row>
<row><cell><em>g(x)</em></cell><cell>90</cell><cell>80</cell><cell>70</cell><cell>60</cell></row>
</tabular></table><p>
g(x) is </p>
<p><ul label="circle"><li><p>Exponential</p></li> 
<li><p>Linear</p></li> 
<li><p>Neither</p></li> 
</ul></p>
<table><tabular> <row><cell><em>x</em></cell><cell>1</cell><cell>2</cell><cell>3</cell><cell>4</cell></row>
<row><cell><em>h(x)</em></cell><cell>80</cell><cell>61</cell><cell>42.9</cell><cell>25.61</cell></row>
</tabular></table><p>
h(x) is </p>
<p><ul label="circle"><li><p>Exponential</p></li> 
<li><p>Linear</p></li> 
<li><p>Neither</p></li> 
</ul></p>
</statement>
<solution>
<p><ul><li><p>Exponential</p></li><li><p>Linear</p></li><li><p>Neither</p></li></ul></p>
</solution>
</myopenmath>

