<?xml version="1.0" encoding="UTF-8" ?>
<myopenmath id="34539">
<statement>
<p>Draw the graph of <m>\displaystyle{f{{\left({x}\right)}}}={2}^{{-{x}+{5}}}</m> </p>
<figure><image source="https://myopenmaths3.s3.amazonaws.com/gimgs/14184845de802f5d9c64a9659c539ba8.png" /></figure><p>
<canvas id="canvas0" width="400" height="400"></canvas>Clear All Draw: </p><figure><image source="/img/tpexp.png" /></figure>
</statement>
<solution>
<figure><image source="https://myopenmaths3.s3.amazonaws.com/gimgs/afb82f1ea862be2e237e56056a93453f.png" /></figure>
</solution>
</myopenmath>

