<?xml version="1.0" encoding="UTF-8" ?>
<myopenmath id="122167">
<statement>
<p>A store owner wants to mix chocolate and nuts to make a new candy.  How many pounds of chocolate costing <dollar/>7.50 per pound should be mixed with 15 pounds of nuts that cost <dollar/>2.50 per pound to create a mixture worth <dollar/>4.62 per pound?</p>
<p>
The owner needs to mix <fillin characters="10" /> pounds of chocolate. </p>
<p>
<em>(round to the nearest whole pound)</em></p>
</statement>
<solution>
<p>11</p>
</solution>
</myopenmath>

