<?xml version="1.0" encoding="UTF-8" ?>
<myopenmath id="76745">
<statement>
<p>The graph below shows the value of Bob's Beanie Baby collection over several years. </p><figure><image source="https://myopenmaths3.s3.amazonaws.com/gimgs/b4d70cbe96bc7cfcb99caa562a651082.png" /></figure><p>
The collection's value decreased at a rate of <fillin characters="20" />...
</p>
<p><ul label="circle"><li><p>dollars per Beanie Baby</p></li> 
<li><p>years per dollar</p></li> 
<li><p>dollars per year</p></li> 
<li><p>Beanie Babies per dollar</p></li> 
</ul></p>
</statement>
<solution>
<p><ul><li><p>200</p></li><li><p>dollars per year</p></li></ul></p>
</solution>
</myopenmath>

