<?xml version="1.0" encoding="UTF-8" ?>
<myopenmath id="224736">
<statement>
<figure><image source="https://myopenmaths3.s3.amazonaws.com/gimgs/c70ebc74520ad179fa4a50a82b3c8779.png" /></figure><p><lbracket/>Graphs generated by this script: initPicture(-8,31.5,-8,27);path(<lbracket/><lbracket/>0,0<rbracket/>,<lbracket/>6,18<rbracket/>,<lbracket/>21,0<rbracket/>,<lbracket/>0,0<rbracket/><rbracket/>);;text(<lbracket/>10,0<rbracket/>,'5 x+1','below');;text(<lbracket/>3,9<rbracket/>,'5 x -1','left');;text(<lbracket/>13.5,9<rbracket/>,'5 x+3','right');;strokedasharray="3 5";;line(<lbracket/>6,0<rbracket/>,<lbracket/>6,18<rbracket/>);;text(<lbracket/>6,6<rbracket/>,"3 x+6 ",'center');<rbracket/></p>
<p>
Consider the triangle shown on the picture.  Find the value of <m>\displaystyle{x}</m>, given that the perimeter of the triangle is 138 unit. </p>
<p>
<m>\displaystyle{x}=</m><fillin characters="20" />unit</p>
</statement>
<solution>
<p>9</p>
</solution>
</myopenmath>

