<?xml version="1.0" encoding="UTF-8" ?>
<myopenmath id="773786">
<statement>
<p>Determine the GPE (i.e., the greatest possible measurement error) of this number: <m>\displaystyle{0.5006}</m></p><p><ul label="circle"><li><p><m>\displaystyle\pm{0.5}</m></p></li> 
<li><p><m>\displaystyle\pm{0.05}</m></p></li> 
<li><p><m>\displaystyle\pm{0.005}</m></p></li> 
<li><p><m>\displaystyle\pm{0.0005}</m></p></li> 
<li><p><m>\displaystyle\pm{0.00005}</m></p></li> 
</ul></p>
</statement>
<solution>
<p><m>\displaystyle\pm{0.00005}</m></p>
</solution>
</myopenmath>

