<?xml version="1.0" encoding="UTF-8" ?>
<myopenmath id="504316">
<statement>
<p>The park service records the number of reported rattle snake sightings on Bald Mountain Trail (light blue) and Camel Back Trail (gold).  The data gives rise to the following stacked bar graph.</p><figure><image source="https://myopenmaths3.s3.amazonaws.com/gimgs/1e52766bda207873fb09495f77d60ba7.png" /></figure><p><lbracket/>Graphs generated by this script: initPicture(-0.5,6,-1,20);axes(10,1,1,10,1);; fill='lightsteelblue';;  rect(<lbracket/>1,0<rbracket/>,<lbracket/>2,5<rbracket/>);;  rect(<lbracket/>2.5,0<rbracket/>,<lbracket/>3.5,3<rbracket/>);;  rect(<lbracket/>4,0<rbracket/>,<lbracket/>5,7<rbracket/>);;  fill='gold';;  rect(<lbracket/>1,5<rbracket/>,<lbracket/>2,12<rbracket/>);;  rect(<lbracket/>2.5,3<rbracket/>,<lbracket/>3.5,7<rbracket/>);;  rect(<lbracket/>4,7<rbracket/>,<lbracket/>5,9<rbracket/>);;  text(<lbracket/>1.5,0<rbracket/>,2016,'below');text(<lbracket/>3,0<rbracket/>,2017,'below');text(<lbracket/>4.5,0<rbracket/>,2018,'below');;  fill='white';  ;stroke='white';rect(<lbracket/>-.5,-2<rbracket/>,<lbracket/>.5,-.1<rbracket/>);<rbracket/></p>
<p>
<em>(a)</em> How many rattle snake sightings were there on Bald Mountain Trail in 2016? <lbracket/>AB0<rbracket/></p>
<p>
<em>(b)</em> How many rattle snake sightings were there on Camel Back Trail in 2016? <lbracket/>AB1<rbracket/></p>
<p>
<em>(c)</em> How many total rattle snake sightings were there in 2017? <lbracket/>AB2<rbracket/></p>
<p>
<em>(d)</em> What percentage of rattlesnake sightings in 2018 were from Bald Mountain trail? <lbracket/>AB3<rbracket/><percent/></p><p><fillin characters="5" /></p>
<p><fillin characters="5" /></p>
<p><fillin characters="5" /></p>
<p><fillin characters="5" /></p>
</statement>
<solution>
<p><ul><li><p>5</p></li><li><p>7</p></li><li><p>7</p></li><li><p>77.777777777778</p></li></ul></p>
</solution>
</myopenmath>

