<?xml version="1.0" encoding="UTF-8" ?>
<myopenmath id="372739">
<statement>
<p>Identify which type of pattern each table is. Continue each pattern, filling in the missing rows.</p>
<table><tabular>     

<row>
<cell>
<em>Table 1</em>
<table><tabular> <row><cell><m>\displaystyle{x}</m></cell><cell><m>\displaystyle{y}</m></cell></row><row><cell>0</cell><cell>9</cell></row><row><cell>1</cell><cell>18</cell></row><row><cell>2</cell><cell>36</cell></row><row><cell>3</cell><cell>72</cell></row><row><cell>4</cell><cell><lbracket/>AB6<rbracket/></cell></row><row><cell>5</cell><cell><lbracket/>AB7<rbracket/></cell></row><row><cell>6</cell><cell>576</cell></row></tabular></table>
</cell>
<cell>
<em>Table 2</em>
<table><tabular> <row><cell><m>\displaystyle{x}</m></cell><cell><m>\displaystyle{y}</m></cell></row><row><cell>0</cell><cell>5</cell></row><row><cell>1</cell><cell>6</cell></row><row><cell>2</cell><cell>8</cell></row><row><cell>3</cell><cell>11</cell></row><row><cell>4</cell><cell><lbracket/>AB8<rbracket/></cell></row><row><cell>5</cell><cell><lbracket/>AB9<rbracket/></cell></row><row><cell>6</cell><cell>26</cell></row></tabular></table>
</cell>
<cell>
<em>Table 3</em>
<table><tabular> <row><cell><m>\displaystyle{x}</m></cell><cell><m>\displaystyle{y}</m></cell></row><row><cell>0</cell><cell>3</cell></row><row><cell>1</cell><cell>8</cell></row><row><cell>2</cell><cell>13</cell></row><row><cell>3</cell><cell>18</cell></row><row><cell>4</cell><cell><lbracket/>AB4<rbracket/></cell></row><row><cell>5</cell><cell><lbracket/>AB5<rbracket/></cell></row><row><cell>6</cell><cell>33</cell></row></tabular></table>
</cell>
</row>

</tabular></table>
<p>Table 1 is: </p>
<p><ul label="circle"><li><p>Linear</p></li> 
<li><p>Exponential</p></li> 
<li><p>Quadratic</p></li> 
</ul></p>
<p>Table 2 is: </p>
<p><ul label="circle"><li><p>Linear</p></li> 
<li><p>Exponential</p></li> 
<li><p>Quadratic</p></li> 
</ul></p>
<p>Table 3 is: </p>
<p><ul label="circle"><li><p>Linear</p></li> 
<li><p>Exponential</p></li> 
<li><p>Quadratic</p></li> 
</ul></p>
<p>Explain how you made your choices. </p>
<p><textarea rows="5" name="qn1003" id="qn1003" cols="50"></textarea>
</p>
<p> </p>
</statement>
<solution>
<p><ul><li><p>Exponential</p></li><li><p>Quadratic</p></li><li><p>Linear</p></li><li></li><li><p>23</p></li><li><p>28</p></li><li><p>144</p></li><li><p>288</p></li><li><p>15</p></li><li><p>20</p></li></ul></p>
</solution>
</myopenmath>

