<?xml version="1.0" encoding="UTF-8" ?>
<myopenmath id="322451">
<statement>
<p>For the following sequence, state the next three terms.</p>
<p>2, 3, 5, 8, <fillin characters="3" />, <fillin characters="3" />, <fillin characters="3" /></p>
<p>What type of sequence is this? </p>
<p><ul label="circle"><li><p>arithmetic (linear)</p></li> 
<li><p>quadratic</p></li> 
<li><p>geometric (exponential)</p></li> 
<li><p>other</p></li> 
</ul></p>
</statement>
<solution>
<p><ul><li><p>12</p></li><li><p>17</p></li><li><p>23</p></li><li><p>quadratic</p></li></ul></p>
</solution>
</myopenmath>

