<?xml version="1.0" encoding="UTF-8" ?>
<myopenmath id="1763">
<statement>
<p>For each table below, could the table represent a function that is linear, exponential, or neither?</p><table><tabular> <row><cell><em>x</em></cell><cell>1</cell><cell>2</cell><cell>3</cell><cell>4</cell></row>
<row><cell><em>f(x)</em></cell><cell>40</cell><cell>-11</cell><cell>-55.7</cell><cell>-95.99</cell></row>
</tabular></table><p>
f(x) is </p>
<p><ul label="circle"><li><p>Exponential</p></li> 
<li><p>Linear</p></li> 
<li><p>Neither</p></li> 
</ul></p>
<table><tabular> <row><cell><em>x</em></cell><cell>1</cell><cell>2</cell><cell>3</cell><cell>4</cell></row>
<row><cell><em>g(x)</em></cell><cell>70</cell><cell>40</cell><cell>10</cell><cell>-20</cell></row>
</tabular></table><p>
g(x) is </p>
<p><ul label="circle"><li><p>Exponential</p></li> 
<li><p>Linear</p></li> 
<li><p>Neither</p></li> 
</ul></p>
<table><tabular> <row><cell><em>x</em></cell><cell>1</cell><cell>2</cell><cell>3</cell><cell>4</cell></row>
<row><cell><em>h(x)</em></cell><cell>70</cell><cell>49</cell><cell>34.3</cell><cell>24.01</cell></row>
</tabular></table><p>
h(x) is </p>
<p><ul label="circle"><li><p>Exponential</p></li> 
<li><p>Linear</p></li> 
<li><p>Neither</p></li> 
</ul></p>
</statement>
<solution>
<p><ul><li><p>Neither</p></li><li><p>Linear</p></li><li><p>Exponential</p></li></ul></p>
</solution>
</myopenmath>

