<?xml version="1.0" encoding="UTF-8" ?>
<myopenmath id="75002">
<statement>
<p>Put the the people in order from lowest pay rate to greatest pay rate.</p>
<p> <em>(Note variables: x = time in hours, y = dollars earned)</em></p>

<table><tabular>
<row>
<cell><em>Person A</em><m>\displaystyle{y}={12.5}{x}</m></cell>
<cell><em>Person D</em><figure><image source="https://myopenmaths3.s3.amazonaws.com/gimgs/116d5d820c3028711ae0f1945c06c929.png" /></figure></cell>
</row>
<row>
<cell>
<em>Person B</em>
Draeden earned <dollar/>42 after 4 hours of work.
</cell>
</row>
<row>
<cell><em>Person C</em>
<table><tabular>
<row>
<cell>Time (hours)</cell>
<cell>Total (dollars)</cell>
</row>
<row>
<cell>0.5</cell>
<cell>6.75</cell>
</row>
<row>
<cell>2</cell>
<cell>27</cell>
</row>
<row>
<cell>6</cell>
<cell>81</cell>
</row>
</tabular></table></cell>
</row>
</tabular></table>

<p><em>Lowest </em> <em>Greatest</em></p>
<p><ul label="circle">
<li>A</li> 
<li>B</li> 
<li>C</li> 
<li>D</li> 
</ul></p>
<p><ul label="circle">
<li>A</li> 
<li>B</li> 
<li>C</li> 
<li>D</li> 
</ul></p>
<p><ul label="circle">
<li>A</li> 
<li>B</li> 
<li>C</li> 
<li>D</li> 
</ul></p>
<p><ul label="circle">
<li>A</li> 
<li>B</li> 
<li>C</li> 
<li>D</li> 
</ul></p>
</statement>
<solution>
<p><ul><li><p>D</p></li><li><p>B</p></li><li><p>A</p></li><li><p>C</p></li></ul></p>
</solution>
</myopenmath>

