<?xml version="1.0" encoding="UTF-8" ?>
<myopenmath id="87123">
<statement>
<p>A hoverboard manufacturer has just announced the <em>Glide 5</em> hoverboard. The accounting department has determined that  the cost to manufacturer the <em>Glide 5</em> hoverboard is <m>\displaystyle{y}={21.77}{x}+{34639}</m>.  The revenue equation is <m>\displaystyle{y}={73.47}{x}</m>.  What is the break even point for the <em>Glide 5</em> hoverboard?</p>
<p>
The break even point for the <em>Glide 5</em> hoverboard is <fillin characters="10" /></p>
</statement>
<solution>
<p><m>\displaystyle{\left({670},{49224.9}\right)}</m></p>
</solution>
</myopenmath>

