<?xml version="1.0" encoding="UTF-8" ?>
<myopenmath id="613891">
<statement>
<figure><image source="https://myopenmaths3.s3.amazonaws.com/qimages/bakery1868396_640.jpg" /></figure><p>A certain bread recipe asks you to combine flour and yeast with <em>3</em> cups of warm <em>115</em> °F water.   If the water is hotter or colder than that, then the bread won't rise.
</p>
<p>
All you have available are hot tap water that is <em>140</em> °F and ice that is <em>32</em> °F. </p>
<p> 
How much hot tap water and ice should you mix together to get <em>3</em> cups of <em>115</em> °F water?</p>
<p>
Answer:
</p>
<p> <fillin characters="4" /> cups of hot tap water.</p>
<p> <fillin characters="4" /> cups of ice.</p>
<p><em>Round your answers to 2 decimal places.</em></p>
</statement>
<solution>
<p><ul><li><p>2.3055555555556</p></li><li><p>0.69444444444444</p></li></ul></p>
</solution>
</myopenmath>

