<?xml version="1.0" encoding="UTF-8" ?>
<myopenmath id="894887">
<statement>
<p>The loudness, <m>\displaystyle{L}</m>, of a sound (measured in decibels, dB) is inversely proportional to the square of the distance, <m>\displaystyle{d}</m>, from the source of the sound.</p>
<p>When a person 10 feet from a jetski, it is 95 decibels loud.</p>
<p>How loud is the jetski when the person is 44 feet away? Round your answer to two significant figures. </p>
<p><fillin characters="20" />dB</p>
</statement>
<solution>
<p>4.9</p>
</solution>
</myopenmath>

