<?xml version="1.0" encoding="UTF-8" ?>
<myopenmath id="171384">
<statement>
<p>Directions:  Graph each set of values and determine whether the function is linear, quadratic, or exponential.</p><table><tabular> 
  <row><cell><m>\displaystyle{x}</m></cell><cell><m>\displaystyle{y}</m></cell></row>
  
    <row><cell>-2</cell> <cell>-2</cell></row>
    <row><cell>-1</cell> <cell>-2.5</cell></row>
    <row><cell>0</cell> <cell>-2</cell></row>
    <row><cell>1</cell> <cell>-1</cell></row>
    <row><cell>2</cell> <cell>1</cell></row>
  
</tabular></table><p>
The function is: </p>
<p><ul label="circle"><li><p>Quadratic</p></li> 
<li><p>Linear</p></li> 
<li><p>Exponential</p></li> 
</ul></p>
<p>
I know because the graph/table have a rate of change that </p>
<p><ul label="circle"><li><p>the rate of change is slow at first, but then goes very steep</p></li> 
<li><p>the function decreases, then increases</p></li> 
<li><p>the rate of change is constant</p></li> 
</ul></p>
<p>
HINT: Just graph the 5 points on this graph.</p><figure><image source="https://myopenmaths3.s3.amazonaws.com/gimgs/562f22aa473f34de1875eeaa0daea1fe.png" /></figure><p>
<canvas id="canvas1002" width="300" height="300"></canvas>Clear All Draw: Dot</p>
<p>
You have 3 attempts on this problem.</p>
</statement>
<solution>
<p><ul><li><p>Quadratic</p></li><li><p>the function decreases, then increases</p></li><li><figure><image source="https://myopenmaths3.s3.amazonaws.com/gimgs/09da5baadecac5f9325106e18ffa7334.png" /></figure></li></ul></p>
</solution>
</myopenmath>

