<?xml version="1.0" encoding="UTF-8" ?>
<myopenmath id="2104">
<statement>
<figure><image source="https://myopenmaths3.s3.amazonaws.com/gimgs/0fdee63b8000f8c6ce05d57692dc21ab.png" /></figure><p>
Find the slope of the line.</p>
<p>
Slope = <m>\displaystyle{m}=</m>  <fillin characters="10" /></p>
<p>
Enter your answer as an integer or as a reduced fraction in the form A/B.</p>
</statement>
<solution>
<p><m>\displaystyle\frac{{\Delta{y}}}{{\Delta{x}}}=</m><m>\displaystyle-\frac{{2}}{{3}}</m></p>
</solution>
</myopenmath>

