<?xml version="1.0" encoding="UTF-8" ?>
<myopenmath id="372563">
<statement>
<p>There are <m>\displaystyle{23},{000}</m> students attending a private college. There are <m>\displaystyle{5},{750}</m> evening students. What percent of all students are the evening students?</p>
<p>
Evening students are <lbracket/>AB<rbracket/><m>\displaystyle\%</m> of all the college's students.
</p><p><fillin characters="1" /></p>
</statement>
<solution>
<p><m>\displaystyle{25}</m></p>
</solution>
</myopenmath>

