<?xml version="1.0" encoding="UTF-8" ?>
<myopenmath id="880561">
<statement>
<p>A corn stalk grew 7 inches in the first month after it planted, since then it grow another 3 feet.  </p>
<p>
What is the total height of the corn in feet and inches?  <fillin characters="20" /> ft <fillin characters="20" /> in</p>
<p>
What is the to total height of the corn stalk in inches? <fillin characters="20" /></p>
<p>
What is the total height of the corn stalk in feet?  <fillin characters="20" />Round your answer to 2 decimal places. </p>
</statement>
<solution>
<p><ul><li><p>3</p></li><li><p>7</p></li><li><p>43</p></li><li><p>3.5833333333333</p></li></ul></p>
</solution>
</myopenmath>

