<?xml version="1.0" encoding="UTF-8" ?>
<myopenmath id="1425">
<statement>
<p>In 1992, the moose population in a park was measured to be 4010.  By 1997, the population was measured again to be 5360.  If the population continues to change linearly:</p>
<p>
Find a formula for the moose population, <m>\displaystyle{P}</m>, in terms of <m>\displaystyle{t}</m>, the years since 1990.</p>
<p>
<m>\displaystyle{P}{\left({t}\right)}=</m> <fillin characters="20" />
</p>
<p>
What does your model predict the moose population to be in 2002?</p>
<p>
<fillin characters="20" /></p>
</statement>
<solution>
<p><ul><li><p><m>\displaystyle{270}{t}+{3470}</m></p></li><li><p>6710</p></li></ul></p>
</solution>
</myopenmath>

