<?xml version="1.0" encoding="UTF-8" ?>
<myopenmath id="199528">
<statement>
<p>Graph each line.</p>
<table><tabular>
    <row>
      <cell>
        <m>\displaystyle{y}-{4}={0}</m>
      </cell>
      <cell><figure><image source="https://myopenmaths3.s3.amazonaws.com/gimgs/382783e3071b352a007886716cb35db6.png" /></figure>
<canvas id="canvas1000" width="300" height="300"></canvas>Clear All Draw: <figure><image source="/img/tpline.gif" /></figure></cell>
    </row>
    <row>
      <cell>
        <m>\displaystyle{x}-{3}={0}</m>
      </cell>
      <cell><figure><image source="https://myopenmaths3.s3.amazonaws.com/gimgs/382783e3071b352a007886716cb35db6.png" /></figure>
<canvas id="canvas1001" width="300" height="300"></canvas>Clear All Draw: <figure><image source="/img/tpline.gif" /></figure></cell>
    </row>
</tabular></table>
</statement>
<solution>
<p><ul><li><figure><image source="https://myopenmaths3.s3.amazonaws.com/gimgs/9c2fe98619556537eed36badb440ed4a.png" /></figure></li><li><figure><image source="https://myopenmaths3.s3.amazonaws.com/gimgs/005459be6d5097bae5aa53312744fe15.png" /></figure></li></ul></p>
</solution>
</myopenmath>

