<?xml version="1.0" encoding="UTF-8" ?>
<myopenmath id="62749">
<statement>
<p>Which of the following is a representation of a linear relation that has a rate of change of 4 and an initial value of 12?</p>

<table><tabular>
	<col width="50%" />
	<col width="20%" />
<row>
<cell>Talon makes twelve bookshelves every week in his shop. At the start of the year, he had four extra from last year.</cell>
<cell><ul label="circle"><li>Yes</li> 
<li>No</li></ul>
</cell>
</row>
<row>
<cell><image source="https://myopenmaths3.s3.amazonaws.com/gimgs/fd20d865077beeb396be96232203f697.png" /></cell>
<cell><ul label="circle"><li>Yes</li> 
<li>No</li></ul>
</cell>
</row>
<row>
<cell><m>\displaystyle{y}={4}{x}+{12}</m></cell>
<cell><ul label="circle"><li>Yes</li> 
<li>No</li></ul>
</cell>
</row>
<row>
<table><tabular>
<row>
<cell><em>x</em></cell>
<cell><em>y</em></cell>
</row>
<row>
<cell>1</cell>
<cell>12</cell>
</row>
<row>
<cell>2</cell>
<cell>16</cell>
</row>
<row>
<cell>3</cell>
<cell>20</cell>
</row>
<row>
<cell>4</cell>
<cell>24</cell>
</row>
<row>
<cell>5</cell>
<cell>28</cell>
</row>
</tabular></table>
<cell><ul label="circle"><li>Yes</li> 
<li>No</li></ul>
</cell>
</row>
<row>
<cell><image source="https://s3.amazonaws.com/myopenmath/ufiles/11055/Screenshot_2015-10-20_07.27.27.png" /></cell>
<cell><ul label="circle"><li>Yes</li> 
<li>No</li></ul>
</cell>
</row>
</tabular></table>
</statement>
<solution>
<p><ul><li><p>No</p></li><li><p>Yes</p></li><li><p>Yes</p></li><li><p>No</p></li><li><p>No</p></li></ul></p>
</solution>
</myopenmath>

