<?xml version="1.0" encoding="UTF-8" ?>
<myopenmath id="122171">
<statement>
<figure><image source="https://myopenmaths3.s3.amazonaws.com/qimages/coffee1341259_640.jpg" /></figure><p>A coffee distributor plans to mix some Gazebo coffee that sells for <m>\displaystyle\${10.60}</m> per pound with some Costa Rican coffee that sells for <m>\displaystyle\${12.10}</m> per pound to create <m>\displaystyle{30}</m> pounds of a new coffee blend that will sell for <m>\displaystyle\${10.75}</m> per pound. </p>
<p>
How many pounds of each kind of coffee should they mix? <em>Round to the nearest pound.</em>
<fillin characters="4" /> pounds of Gazebo coffee.
<fillin characters="4" /> pounds of Costa Rican coffee.</p>
</statement>
<solution>
<p><ul><li><p>27</p></li><li><p>3</p></li></ul></p>
</solution>
</myopenmath>

