<?xml version="1.0" encoding="UTF-8" ?>
<myopenmath id="901735">
<statement>
<p>Given a prism with a cylinder drilled into it. The cylinder does not go all the way through the prism.</p>
<table><tabular>
    <row>
      <cell>A) What is the total surface area, including the cylinder? Write your answer in terms of <m>\pi</m> and do not round. (Don't multiply out.) <fillin characters="8" /></cell>
      <cell><image source="https://myopenmaths3.s3.amazonaws.com/gimgs/386c6e1ae0fb016da6261ce9fbe90d8d.png" />[Graphs generated by this script: setBorder(0);;initPicture(-10,10,-10,10);;fill='lightgray';;path([[-2,4],[7,4],[4,8],[-5,8]]);;line([7,-8],[-2,-8]);;line([-2,4],[-2,-8]);;line([7,-8],[7,4]);;line([-2,-8],[-5,-4]);;line([7,4],[-2,4]);;line([-2,4],[-5,8]);;line([7,4],[4,8]);;line([4,8],[-5,8]);;line([-5,8],[-5,-4]);;line([-1,-5.2],[-7,-5.2]);;line([-3.5,-6],[-7,-6]);;marker = 'arrow';;line([0,0],[3,0]);;line([0,0],[-1,0]);;line([1,9],[4,9]);;line([-1,9],[-5,9]);;line([8.3,0],[8.3,4]);;line([8.3,-2],[8.3,-8]);;line([7.1,5.5],[7.7,4.4]);;line([6.1,6.8],[4.6,8.5]);;strokedasharray = '6 6';;fill = 'white';;ellipse( [1,6], 2, 1 );;ellipse( [1,-5], 2, 1 );;marker = 'none';;line([7,-8],[4,-4]);;line([4,8],[4,-4]);;line([-5,-4],[4,-4]);;line([3,6],[3,-5]);;line([-1,6],[-1,-5]);;text([0,9],'3');;text([6.7,6.4],'3');;text([1,1],'2');;text([-8,-5.5],'1');;text([8.3,-1],'15');;fontsize='15';;text([-8,-7],'thick');]</cell>
    </row>
    <row>
      <cell>B) What is the volume? Write your answer in terms of <m>\pi</m> and do not round. (Don't multiply out.)<fillin characters="8" /></cell>
    </row>
</tabular></table>
<p><fillin characters="8" /></p>
<p><fillin characters="8" /></p>
</statement>
<solution>
<p><ul><li><p><m>\displaystyle{198}+{28}\pi</m></p></li><li><p><m>\displaystyle{135}-{14}\pi</m></p></li></ul></p>
</solution>
</myopenmath>

