<?xml version="1.0" encoding="UTF-8" ?>
<myopenmath id="872841">
<statement>
<p>Your weekly paycheck is <m>\displaystyle{25}</m> percent less than your coworker's. Your two paychecks total <m>\displaystyle{860}</m>. Find the amount of each
paycheck.
</p>
<p>
Your coworker's is : <dollar/> <fillin characters="10" />  and yours is <dollar/> <fillin characters="10" /> .</p>
<p>
Given your answers to the nearest cent</p>
</statement>
<solution>
<p><ul><li><p>491.42857142857</p></li><li><p>368.57142857143</p></li></ul></p>
</solution>
</myopenmath>

