<?xml version="1.0" encoding="UTF-8" ?>
<myopenmath id="839099">
<statement>
<p>I saw a job opening for a Cartoonist that pays <m>\displaystyle\${88},{000}</m> per year salary. Assume that a regular work week for this job is <m>\displaystyle{36}</m> hours, and that you will work <m>\displaystyle{48}</m> weeks in a year.</p>
<p>
What is the hourly pay for this job? We will answer the question by converting <em><em><dollar/>88,000 per year</em></em> into <em><em>dollars per hour</em></em>.</p>
<p>
If we begin with the fraction <m>\displaystyle\frac{{\${88000}}}{\text{year}}</m>, we can multiply by two unit fractions to complete the conversion. What are these fractions? Choose the correct fractions in the calculation below:</p>
<p>
<m>\displaystyle\frac{{\${88000}}}{\text{year}}\times</m></p>
<p><ul label="circle"><li><p>1 week / 48 years</p></li> 
<li><p>48 weeks/1 year</p></li> 
<li><p>48 years/1 week</p></li> 
<li><p>1 year/48 weeks</p></li> 
</ul></p>
<m>\displaystyle\times</m><p><ul label="circle"><li><p>1 hour/36 weeks</p></li> 
<li><p>1 week/36 hours</p></li> 
<li><p>36 hours/1 week</p></li> 
<li><p>36 weeks/1 hour</p></li> 
</ul></p>
  <p>
///</p>
<p>
Finally, what is the hourly pay for this job?</p>
<p>
Hourly pay = <fillin characters="20" /> dollars/hour</p>
</statement>
<solution>
<p><ul><li><p>1 year/48 weeks</p></li><li><p>1 week/36 hours</p></li><li><p>50.93</p></li></ul></p>
</solution>
</myopenmath>

