<?xml version="1.0" encoding="UTF-8" ?>
<myopenmath id="204172">
<statement>
<p>In Biology class, students store their specimen's for labs at -28 ˚C. To thaw, a specimen is brought to a refrigeration unit. After 1 hour, the specimen's temperature in the refrigeration unit is -19 ˚C.</p>
<p>
<em>a.</em> Sketch a graph to model the situation.</p><figure><image source="https://myopenmaths3.s3.amazonaws.com/gimgs/b73b0218ff3242cef40c9a3e47a39e2f.png" /></figure><p>
<canvas id="canvas1000" width="350" height="350"></canvas>Clear All Draw: </p><figure><image source="/img/tpline.gif" /></figure><figure><image source="/img/tpparab.png" /></figure><figure><image source="/img/tpabs.gif" /></figure><figure><image source="/img/tpdot.gif" /></figure><p>
<em>b.</em> Calculate the rate of change. <em>m</em> = <fillin characters="5" /> degrees per hour</p>
<p>
<em>c.</em> The <em>y</em>-intercept is <fillin characters="5" />. What does it represent in this situation? </p>
<p><ul label="circle"><li><p>The slope is 28.</p></li> 
<li><p>The specimen starts at 28 degrees below zero.</p></li> 
<li><p>It takes 28 minutes to warm up.</p></li> 
<li><p>The temperature goes up 28 degrees per hour.</p></li> 
</ul></p>
<p>
<em>d.</em> The slope is <fillin characters="5" />. What does it represent in this situation? </p>
<p><ul label="circle"><li><p>The specimen starts at 9 degrees below zero.</p></li> 
<li><p>The <em>y</em>-intercept is 9.</p></li> 
<li><p>It takes 9 minutes to warm up.</p></li> 
<li><p>The temperature goes up 9 degrees per hour.</p></li> 
</ul></p>
</statement>
<solution>
<p><ul><li><figure><image source="https://myopenmaths3.s3.amazonaws.com/gimgs/81ddfdc08b2b4fd1f13bfde6b4445e67.png" /></figure></li><li><p>9</p></li><li><p>-28</p></li><li></li><li><p>9</p></li><li></li></ul></p>
</solution>
</myopenmath>

