<?xml version="1.0" encoding="UTF-8" ?>
<myopenmath id="234909">
<statement>
<p>Identify the rate of change and initial value for the linear situation modeled below.
  </p>
<p>
  <m>\displaystyle{y}={3}{x}+{7}</m> 
  </p>
<p>
  Rate of change:  <fillin characters="7" /></p>
<p>
  Initial Value:  <fillin characters="7" /></p>
</statement>
<solution>
<p><ul><li><p><m>\displaystyle{3}</m> because the constant rate of change is represented by the <m>\displaystyle{x}</m> coefficient</p></li><li><p><m>\displaystyle{7}</m> because the initial value is represented by the constant</p></li></ul></p>
</solution>
</myopenmath>

