<?xml version="1.0" encoding="UTF-8" ?>
<myopenmath id="872769">
<statement>
<p>A bookshelf containing 6 bookshelves is to be constructed. The floor-to-ceiling clearance is 9 ft 5.0 in. Each shelf is 1.0 in thick. An equal space is to be left between the shelves, the top shelf and the ceiling, and the bottom shelf and the floor. (There is no shelf on the ceiling or floor.) </p>
<p>What space should be between each shelf and the next? Round your answer to the nearest tenth of an inch. </p>
<p><fillin characters="20" /> in</p>
</statement>
<solution>
<p>15.3</p>
</solution>
</myopenmath>

