<?xml version="1.0" encoding="UTF-8" ?>
<myopenmath id="232371">
<statement>
<p>Given the measurement 565 psi, find the following.</p>
<p>
Precision to nearest <fillin characters="20" /> (thousand, hundred, ten, whole, tenth, hundreth, thousandth)</p>
<p>
Accuracy <fillin characters="20" /> (number of significant digits)</p>
<p>
Greatest possible error <fillin characters="20" /> psi</p>
</statement>
<solution>
<p><ul><li><p>whole</p></li><li><p>3</p></li><li><p>0.5</p></li></ul></p>
</solution>
</myopenmath>

