<?xml version="1.0" encoding="UTF-8" ?>
<myopenmath id="50254">
<statement>
<p>In the graph below the input <m>\displaystyle{x}</m> is the number of units produced by a machine in a factory. The output <m>\displaystyle{y}</m> is the profit made by the sale of these units when they are produced. Determine the intercepts and interpret the meaning of each.</p>
<figure><image source="https://myopenmaths3.s3.amazonaws.com/gimgs/0131f2e0451548c470a502b992fab823.png" /></figure>
<p><em>A</em>. Give the coordinates of the <m>\displaystyle{x}</m>-intercept: <fillin characters="20" /></p>
<p><em>B</em>. Interpret the meaning of the <m>\displaystyle{x}</m>-intercept: </p>
<p><ul label="circle"><li><p>The profit is zero when 80 units are produced and sold.</p></li> 
<li><p>There are zero units produced and sold when the profit is <dollar/>80.</p></li> 
<li><p>The profit is zero when -90 units are produced and sold.</p></li> 
<li><p>The profit is <dollar/>80 when -90 display units are produced and sold.</p></li> 
<li><p>The profit is <dollar/>-90 when 80 display units are produced and sold</p></li> 
<li><p>There are zero units produced and sold when the profit is <dollar/>-90</p></li> 
</ul></p>
<p><em>C</em>. Give the coordinates of the <m>\displaystyle{y}</m>-intercept: <fillin characters="20" /></p>
<p><em>D</em>. Interpret the meaning of the <m>\displaystyle{y}</m>-intercept: </p>
<p><ul label="circle"><li><p>The profit is <dollar/>80 when -90 display units are produced and sold.</p></li> 
<li><p>The profit is <dollar/>-90 when zero units are produced.</p></li> 
<li><p>The profit is <dollar/>-90 when 80 display units are produced and sold</p></li> 
<li><p>The profit is zero when 80 units are produced and sold.</p></li> 
<li><p>There are zero units produced and sold when the profit is <dollar/>80.</p></li> 
<li><p>The profit is zero when -90 units are produced and sold.</p></li> 
</ul></p>
<p><em>E</em>. Determine the slope of the line: <fillin characters="20" />              <lbracket/>Make sure your slope is written as a reduced fraction.<rbracket/></p>
<p><em>F</em>. Interpret the meaning of the slope. For each 14-unit increase in units sold there is a(n) </p>
<p><ul label="circle"><li><p>decrease</p></li> 
<li><p>increase</p></li> 
</ul></p>
 in profit of <dollar/><fillin characters="20" />.  Round your answer to the nearest cent. 
<p><em>G</em>. Write the equation of the line in <m>\displaystyle{y}={m}{x}+{b}</m> form: <fillin characters="20" />
</p>
<p><em>H</em>. Use your equation to determine what quantity of units will yield a profit of <dollar/>-45: <fillin characters="20" /></p>
</statement>
<solution>
<p><ul><li><p><m>\displaystyle{\left({80},{0}\right)}</m></p></li><li><p>The profit is zero when 80 units are produced and sold.</p></li><li><p><m>\displaystyle{\left({0},-{90}\right)}</m></p></li><li><p>The profit is <dollar/>-90 when zero units are produced.</p></li><li><p><m>\displaystyle\frac{{9}}{{8}}</m></p></li><li><p>increase</p></li><li><p>15.75</p></li><li><p><m>\displaystyle{y}=\frac{{9}}{{8}}{x}-{90}</m></p></li><li><p>40</p></li></ul></p>
</solution>
</myopenmath>

