<?xml version="1.0" encoding="UTF-8" ?>
<myopenmath id="718005">
<statement>
<p>The graph below shows the total cost of attending a particular college based on the number of classes taken.  (x = number of classes, y = total cost) </p><figure><image source="https://myopenmaths3.s3.amazonaws.com/gimgs/3750b36e7b9b336d02b50b420207fb43.png" /></figure><p>
The slope of this line tells us that the cost of attending this college increases by <fillin characters="20" />  </p>
<p><ul label="circle"><li><p>dollars</p></li> 
<li><p>dollars per class</p></li> 
<li><p>classes</p></li> 
<li><p>dollars per year</p></li> 
</ul></p>
Use the graph to find the cost of attending the college if 2 classes are taken.<p>
<dollar/> <fillin characters="20" /></p>
</statement>
<solution>
<p><ul><li><p>300</p></li><li><p>dollars per class</p></li><li><p>700</p></li></ul></p>
</solution>
</myopenmath>

