<?xml version="1.0" encoding="UTF-8" ?>
<myopenmath id="29942">
<statement>
<p>Sketch a graph of <m>\displaystyle-{6}{x}+{4}{y}={8}</m></p><figure><image source="https://myopenmaths3.s3.amazonaws.com/gimgs/052885cdc253c2aad89786d3d1a3a859.png" /></figure><p>
<canvas id="canvas0" width="300" height="300"></canvas>Clear All Draw: </p><figure><image source="/img/tpline.gif" /></figure>
</statement>
<solution>
<figure><image source="https://myopenmaths3.s3.amazonaws.com/gimgs/ef2a9da44caccb2498ab365ac56d3bf8.png" /></figure>
</solution>
</myopenmath>

