<?xml version="1.0" encoding="UTF-8" ?>
<myopenmath id="232358">
<statement>
<p>Given the measurement 4.8 gal, find the following.</p>
<p>
Precision to nearest <fillin characters="20" /> (thousand, hundred, ten, whole, tenth, hundreth, thousandth)</p>
<p>
Accuracy <fillin characters="20" /> (number of significant digits)</p>
<p>
Greatest possible error <fillin characters="20" /> gal</p>
</statement>
<solution>
<p><ul><li><p>tenth</p></li><li><p>2</p></li><li><p>0.05</p></li></ul></p>
</solution>
</myopenmath>

