<?xml version="1.0" encoding="UTF-8" ?>
<myopenmath id="887241">
<statement>
<p>Amoxicillin is a common antibiotic prescribed for children. It is a liquid suspension composed of part amoxicillin and part water.</p>
<p>In one formulation there are 225 mg of amoxicillin in 5 cubic centimeters (cc's) of the liquid suspension. Dr. Scarlotti prescribes 337.5 mg per day for a 2-yr old child with an ear infection.</p>
<p>How much of the amoxicillin liquid suspension would the child's parent need to administer in order to achieve the recommended daily dosage? </p>
<p><fillin characters="20" /></p>
</statement>
<solution>
<p>7.5</p>
</solution>
</myopenmath>

