<?xml version="1.0" encoding="UTF-8" ?>
<myopenmath id="57151">
<statement>
<table><tabular>    

<row><cell>Determine Linearity and Slope from a Table</cell></row>
<row>
<cell>For each of the following functions, determine if the function is linear. If it is linear, give the slope. If it is not linear, enter "DNE" for the slope.</cell>
</row>
<row>
<cell><table><tabular> <row><cell><em><m>\displaystyle{x}</m></em></cell><cell>7</cell><cell>10</cell><cell>13</cell><cell>14</cell><cell>19</cell></row>
<row><cell><em><m>\displaystyle{f{{\left({x}\right)}}}</m></em></cell><cell>34</cell><cell>43</cell><cell>49</cell><cell>55</cell><cell>70</cell></row>
</tabular></table>Behavior: 
<ul label="circle"><li>Not Linear</li> 
<li>Linear</li> 
</ul>
Slope: <fillin characters="20" /></cell>
<cell><table><tabular> <row><cell><em><m>\displaystyle{x}</m></em></cell><cell>3</cell><cell>4</cell><cell>6</cell><cell>7</cell><cell>14</cell></row>
<row><cell><em><m>\displaystyle{f{{\left({x}\right)}}}</m></em></cell><cell>-0.5</cell><cell>-7</cell><cell>-20</cell><cell>-25</cell><cell>-72</cell></row>
</tabular></table>Behavior: 
<ul label="circle"><li>Linear</li> 
<li>Not Linear</li> 
</ul>
Slope: <fillin characters="20" /></cell>
</row>
<row>
<cell><table><tabular> <row><cell><em><m>\displaystyle{x}</m></em></cell><cell>4</cell><cell>7</cell><cell>9</cell><cell>12</cell><cell>13</cell></row>
<row><cell><em><m>\displaystyle{f{{\left({x}\right)}}}</m></em></cell><cell>19</cell><cell>39.25</cell><cell>52.75</cell><cell>73</cell><cell>79.75</cell></row>
</tabular></table>Behavior: 
<ul label="circle"><li>Linear</li> 
<li>Not Linear</li> 
</ul>
Slope: <fillin characters="20" /></cell>
<cell><table><tabular> <row><cell><em><m>\displaystyle{x}</m></em></cell><cell>1</cell><cell>13</cell><cell>15</cell><cell>19</cell><cell>20</cell></row>
<row><cell><em><m>\displaystyle{f{{\left({x}\right)}}}</m></em></cell><cell>4</cell><cell>-80</cell><cell>-94</cell><cell>-122</cell><cell>-129</cell></row>
</tabular></table>Behavior: 
<ul label="circle"><li>Linear</li> 
<li>Not Linear</li> 
</ul>
Slope: <fillin characters="20" /></cell>
</row>

</tabular></table>
</statement>
<solution>
<ul><li>Not Linear</li><li>DNE</li><li>Not Linear</li><li>DNE</li><li>Linear</li><li>6.75</li><li>Linear</li><li>-7</li></ul>
</solution>
</myopenmath>

