<?xml version="1.0" encoding="UTF-8" ?>
<myopenmath id="880558">
<statement>
<p>Mayowa was driving at 101 feet per second on the freeway the other day. If the speed limit is 65 miles per hour, was he driving too fast? Answer the question by converting <em><em>101 feet per second</em></em> into <em><em>miles per hour</em></em>.</p>
<p>To answer this question, we will convert the numerator into miles and the denominator into hours.</p>
<p>If we begin with the fraction <m>\displaystyle\frac{{{101}\ \text{feet}}}{{{1}\ \text{second}}}</m>, we can multiply by three unit fractions to complete the conversion. What are these fractions? Choose the correct fractions in the calculation below:</p>
<p><m>\displaystyle\frac{{{101}\ \text{feet}}}{{{1}\ \text{second}}}\times</m></p>
<p><ul label="circle"><li><p>60 sec/1 min</p></li> 
<li><p>1 sec/60 min</p></li> 
<li><p>60 min/1 sec</p></li> 
<li><p>1 min/60 sec</p></li> 
</ul></p>
<m>\displaystyle\times</m><p><ul label="circle"><li><p>1 min/60 hrs</p></li> 
<li><p>60 hrs/1 min</p></li> 
<li><p>60 min/1 hr</p></li> 
<li><p>1 hr/60 min</p></li> 
</ul></p>
<m>\displaystyle\times</m><p><ul label="circle"><li><p>5280 mi/1 ft</p></li> 
<li><p>1 ft/5280 mi</p></li> 
<li><p>1 mi/5280 ft</p></li> 
<li><p>5280 ft/1 mi</p></li> 
</ul></p>
<p>///</p>
<p>The conversion calculation looks like:</p>
<p><m>\displaystyle\frac{{{101}\ \text{feet}}}{{{1}\ \text{second}}}\times</m><m>\displaystyle\frac{{{60}\ \text{sec}}}{{{1}\ \text{min}}}\times\frac{{{60}\ \text{min}}}{{{1}\ \text{hr}}}\times\frac{{{1}\ \text{mi}}}{{{5280}\ \text{ft}}}</m></p>
<p>Was Mayowa driving too fast?</p>
<p>Answer: </p>
<p><ul label="circle"><li><p>No</p></li> 
<li><p>Yes</p></li> 
</ul></p>
...because he was driving <fillin characters="6" /> mi/hr (round using significant figures; all speeds are accurate to two sig figs) when the limit was <m>\displaystyle{65}</m> mi/hr
</statement>
<solution>
<p><ul><li><p>60 sec/1 min</p></li><li><p>60 min/1 hr</p></li><li><p>1 mi/5280 ft</p></li><li><p>Yes</p></li><li><p>69</p></li></ul></p>
</solution>
</myopenmath>

