<?xml version="1.0" encoding="UTF-8" ?>
<myopenmath id="62381">
<statement>
<p>The graph below shows the distance a cat is from his bowl of milk over time. Which sentence is a good match for the graph? </p>
<figure><image source="https://myopenmaths3.s3.amazonaws.com/gimgs/b4b3d452e07fbbeeaadb3e0b0f27623c.png" /></figure>

<p><ul label="circle"><li><p>The cat ran away from the milk at a rate of 4 feet per second.</p></li> 
<li><p>The cat was 12 feet away from the milk and ran toward it reaching it after 4 seconds.</p></li> 
<li><p>The cat ran away from the milk at a rate of 3 feet per second.</p></li> 
<li><p>The cat was 4 feet away from the milk and ran toward it reaching it after 12 seconds.</p></li> 
<li><p>The cat was 12 feet away from the milk and ran away from it at a rate of 4 feet per second.</p></li> 
</ul></p>
</statement>
<solution>
<p>The cat ran away from the milk at a rate of 3 feet per second.</p>
</solution>
</myopenmath>

