<?xml version="1.0" encoding="UTF-8" ?>
<myopenmath id="2091">
<statement>
<p>After a 35<percent/> reduction, you purchase a new digital player for <dollar/>282.75. What was the price of the digital player before the reduction?</p>
<p>
A) First write an equation you can use to answer this question. Use <m>\displaystyle{x}</m> as your variable and express any percents in decimal form in the equation.</p>
<p>
The equation is <fillin characters="20" />
</p>
<p>
B) Solve your equation in part <lbracket/>A<rbracket/> to find the original price of the digital player.</p>
<p>
Answer: The original price of the digital player was <fillin characters="20" /> dollars.</p>
</statement>
<solution>
<p><ul><li><p><m>\displaystyle{x}-{0.35}{x}={282.75}</m></p></li><li><p>The item originally cost <dollar/>435.</p></li></ul></p>
</solution>
</myopenmath>

