<?xml version="1.0" encoding="UTF-8" ?>
<myopenmath id="13865">
<statement>
<p>Graph the equation <m>\displaystyle{f{{\left({x}\right)}}}=-\frac{{1}}{{2}}{x}+{3}</m>.</p><figure><image source="https://myopenmaths3.s3.amazonaws.com/gimgs/052885cdc253c2aad89786d3d1a3a859.png" /></figure><p>
<canvas id="canvas0" width="300" height="300"></canvas>Clear All Draw: </p><figure><image source="/img/tpline.gif" /></figure><figure><image source="/img/tpparab.png" /></figure><figure><image source="/img/tpabs.gif" /></figure><figure><image source="/img/tpcirc.png" /></figure><figure><image source="/img/tpdot.gif" /></figure>
</statement>
<solution>
<figure><image source="https://myopenmaths3.s3.amazonaws.com/gimgs/8a7fbd14ad9c0bf58cad2e3e3d7f9a54.png" /></figure>
</solution>
</myopenmath>

