<?xml version="1.0" encoding="UTF-8" ?>
<myopenmath id="2107">
<statement>
<p>A city's population in the year <m>\displaystyle{x}=</m>1985 was <m>\displaystyle{y}=</m>3,733,550. In 1983 the population was 3,732,650.</p>
<p>
Compute the slope of the population growth (or decline) and choose the most accurate statement from the following:</p><p><ul label="circle"><li><p>The population is increasing at a rate of 600 people per year.</p></li> 
<li><p>The population is increasing at a rate of 250 people per year.</p></li> 
<li><p>The population is decreasing at a rate of 250 people per year.</p></li> 
<li><p>The population is decreasing at a rate of 450 people per year.</p></li> 
<li><p>The population is decreasing at a rate of 600 people per year.</p></li> 
<li><p>The population is increasing at a rate of 450 people per year.</p></li> 
</ul></p>
</statement>
<solution>
<p>The population is increasing at a rate of 450 people per year.</p>
</solution>
</myopenmath>

