<?xml version="1.0" encoding="UTF-8" ?>
<myopenmath id="873236">
<statement>
<p>Aisha wants to buy some specialty fabric to make her kindergardner Calian a halloween costume. The fabric store tells her that the fabric costs <m>\displaystyle{6.56}\ \frac{\text{dollars}}{{\text{yard}^{{2}}}}</m>. <url href="#">Note about this unit</url><lbracket/>Note: Typically, when a fabric store says "yard", they actually mean "square yards". In this problem, I have written it out in the correct format: <m>\displaystyle\text{yards}^{{2}}</m><rbracket/></p>
<p>
Aisha is sure she saw this advertised online for <m>\displaystyle{0.61}\frac{\text{cents}}{{\text{inch}^{{2}}}}</m>, and she wants to know if it is a better deal in the store or online. She will take a minute to convert the price from <m>\displaystyle\frac{\text{dollars}}{{\text{yard}^{{2}}}}</m> to <m>\displaystyle\frac{\text{cents}}{{\text{inch}^{{2}}}}</m> to see which is the better deal.</p>
<p>
Aisha knows the following facts:
</p>
<p><ul>
  <li><p><m>\displaystyle{1}\ \text{yard}={3}\ \text{feet}</m></p></li>
  <li><p><m>\displaystyle{1}\ \text{ft}={12}\ \text{inches}</m></p></li>
  <li><p><m>\displaystyle{1}\ \text{dollar}={100}\ \text{cents}</m></p></li>
</ul></p>
Aisha will perform the conversion by starting with the measured price as a fraction. Choose the correct unit fraction to multiply by in order to complete the conversion:<p>
<m>\displaystyle\frac{{{6.56}\ \text{dollars}}}{{\text{yard}^{{2}}}}\ast</m><lbracket/>AB0<rbracket/><m>\displaystyle\ast</m><lbracket/>AB1<rbracket/><m>\displaystyle\ast</m><lbracket/>AB2<rbracket/><m>\displaystyle\ast</m><lbracket/>AB3<rbracket/><m>\displaystyle\ast</m><lbracket/>AB4<rbracket/></p>
<p>
///</p>
<p>
The correct expression is:</p>
<p>
<m>\displaystyle\frac{{{6.56}\ \text{dollars}}}{{\text{yard}^{{2}}}}\ast\frac{{{1}\ \text{yd}}}{{{3}\ \text{ft}}}\ast\frac{{{1}\ \text{yd}}}{{{3}\ \text{ft}}}\ast\frac{{{1}\ \text{ft}}}{{{12}\ \text{in}}}\ast\frac{{{1}\ \text{ft}}}{{{12}\ \text{in}}}\ast\frac{{{100}\ \text{cents}}}{{{1}\ \text{dollar}}}</m></p>
<p>
What is the final result, rounded to two decimal places?</p>
<p>
Answer: <lbracket/>AB5<rbracket/> <m>\displaystyle\frac{\text{cents}}{{\text{inch}^{{2}}}}</m></p>
<p>
///</p>
<p>
If Aisha wants to save the most money, should she shop at the store or online?</p>
<p>
Answer: </p>
<p><ul label="circle"><li><p>The Store</p></li> 
<li><p>Online</p></li> 
</ul></p>
</statement>
<solution>
<p><ul><li><p>1yd / 3ft</p></li><li><p>1yd / 3ft</p></li><li><p>1ft / 12in</p></li><li><p>1ft / 12in</p></li><li><p>100cents / 1dollar</p></li><li><p>0.51</p></li><li><p>The Store</p></li></ul></p>
</solution>
</myopenmath>

