<?xml version="1.0" encoding="UTF-8" ?>
<myopenmath id="71141">
<statement>
<p>Identify what each equation below represents?</p>
<p> <m></m> </p><p class="centered"></p>
<p><ul label="circle">
<li><p><select name="qn0-0" id="qn0-0"><option value="-" selected="selected">-</option><option value="0">Linear function</option>
<option value="1">Nonlinear function</option>
<option value="2">Not a function</option>
</select> </p><table><tabular> <row><cell><m>\displaystyle{x}</m></cell><cell><m>\displaystyle{y}</m></cell></row><row><cell>0</cell><cell>2</cell></row><row><cell>1</cell><cell>3</cell></row><row><cell>2</cell><cell>6</cell></row><row><cell>3</cell><cell>11</cell></row></tabular></table></li>
<li><p><select name="qn0-1" id="qn0-1"><option value="-" selected="selected">-</option><option value="0">Linear function</option>
<option value="1">Nonlinear function</option>
<option value="2">Not a function</option>
</select> </p><table><tabular> <row><cell><m>\displaystyle{x}</m></cell><cell><m>\displaystyle{y}</m></cell></row><row><cell>2</cell><cell>2</cell></row><row><cell>2</cell><cell>3</cell></row><row><cell>2</cell><cell>4</cell></row><row><cell>2</cell><cell>5</cell></row></tabular></table></li>
<li><p><select name="qn0-2" id="qn0-2"><option value="-" selected="selected">-</option><option value="0">Linear function</option>
<option value="1">Nonlinear function</option>
<option value="2">Not a function</option>
</select> </p><table><tabular> <row><cell><m>\displaystyle{x}</m></cell><cell><m>\displaystyle{y}</m></cell></row><row><cell>0</cell><cell>1</cell></row><row><cell>1</cell><cell>2</cell></row><row><cell>2</cell><cell>4</cell></row><row><cell>3</cell><cell>8</cell></row></tabular></table></li>
</ul></p>
<p><ul label="circle"><li><p><select name="qn0-3" id="qn0-3"><option value="-" selected="selected">-</option><option value="0">Linear function</option>
<option value="1">Nonlinear function</option>
<option value="2">Not a function</option>
</select> </p><table><tabular> <row><cell><m>\displaystyle{x}</m></cell><cell><m>\displaystyle{y}</m></cell></row><row><cell>0</cell><cell>-5</cell></row><row><cell>1</cell><cell>-2</cell></row><row><cell>2</cell><cell>1</cell></row><row><cell>3</cell><cell>4</cell></row></tabular></table></li>
<li><p><select name="qn0-4" id="qn0-4"><option value="-" selected="selected">-</option><option value="0">Linear function</option>
<option value="1">Nonlinear function</option>
<option value="2">Not a function</option>
</select> </p><table><tabular> <row><cell><m>\displaystyle{x}</m></cell><cell><m>\displaystyle{y}</m></cell></row><row><cell>0</cell><cell>4</cell></row><row><cell>1</cell><cell>3.5</cell></row><row><cell>2</cell><cell>3</cell></row><row><cell>3</cell><cell>2.5</cell></row></tabular></table></li>
</ul></p>
 
</statement>
<solution>
<p>Nonlinear function</p>
<p>Not a function</p>
<p>Nonlinear function</p>
<p>Linear function</p>
<p>Linear function</p>
</solution>
</myopenmath>

