<?xml version="1.0" encoding="UTF-8" ?>
<myopenmath id="48954">
<statement>
<p>An animal shelter once tracked the length of the whiskers of three cats every week starting from the time they received the cats.  The three graphs are shown below.</p><figure><image source="https://myopenmaths3.s3.amazonaws.com/gimgs/916443c90920ed3dd988313af2bd5c32.png" /></figure><figure><image source="https://myopenmaths3.s3.amazonaws.com/gimgs/f0e3a2120fdf74024905dcf726b414dd.png" /></figure><figure><image source="https://myopenmaths3.s3.amazonaws.com/gimgs/9eaf345dcb9bd4bb77dc6a711b46fbc7.png" /></figure><p>
Which cat was born in the animal shelter?
</p>
<p><ul label="circle"><li><p>Cat 1</p></li> 
<li><p>Cat 2</p></li> 
<li><p>Cat 3</p></li> 
</ul></p>
<p>
At what rate are the whiskers of Cat 1 growing?
<fillin characters="4" /> </p>
<p><ul label="circle"><li><p>cm per week</p></li> 
<li><p>weeks</p></li> 
<li><p>cm</p></li> 
<li><p>weeks per cm</p></li> 
</ul></p>
<p>
Which cat's whiskers are growing more slowly than the other two?
</p>
<p><ul label="circle"><li><p>Cat 1</p></li> 
<li><p>Cat 2</p></li> 
<li><p>Cat 3</p></li> 
</ul></p>
<p>
How long were the whiskers of Cat 3 when it was received by the animal shelter?
<fillin characters="4" /></p>
<p><ul label="circle"><li><p>cm per week</p></li> 
<li><p>cm</p></li> 
<li><p>weeks per cm</p></li> 
<li><p>weeks</p></li> 
</ul></p>
</statement>
<solution>
<p><ul><li><p>Cat 1</p></li><li><p>2</p></li><li><p>cm per week</p></li><li><p>Cat 2</p></li><li><p>1</p></li><li><p>cm</p></li></ul></p>
</solution>
</myopenmath>

