<?xml version="1.0" encoding="UTF-8" ?>
<myopenmath id="28884">
<statement>
<p>The diagram below shows a triangle inscribed in a rectangle.</p><figure><image source="mom/mceclip0-1645731063688.png" /></figure><p>What is the area of the shaded inscribed triangle? <fillin characters="3" /> <m>\displaystyle{u}{n}{i}{t}{s}^{{2}}</m> </p>
<p>What is the area of the rectangle? <fillin characters="3" /> <m>\displaystyle{u}{n}{i}{t}{s}^{{2}}</m> </p>
<p>How much more area does the rectangle have than the shaded triangle? <fillin characters="3" /> <m>\displaystyle{u}{n}{i}{t}{s}^{{2}}</m> </p>
<p>What is the total area of the unshaded parts of the rectangle? <fillin characters="3" /> <m>\displaystyle{u}{n}{i}{t}{s}^{{2}}</m></p>
</statement>
<solution>
<p><ul><li><p>18</p></li><li><p>36</p></li><li><p>18</p></li><li><p>18</p></li></ul></p>
</solution>
</myopenmath>

