<?xml version="1.0" encoding="UTF-8" ?>
<myopenmath id="2550">
<statement>
<p>Becky takes out a 20-year mortagage for which her monthly payment is <dollar/>1200.  During the early years of the mortgage, most of each payment is for interest and the rather small remainder for principal.  As time goes on, the portion of each payment that goes for interest decreases while the portion for principal increases, as shown in the following graph:</p><figure><image source="https://myopenmaths3.s3.amazonaws.com/gimgs/79effb74a30956c3fedaeaba5e1a2165.png" /></figure><p>
a) Approximately how much of the <dollar/>1200 monthly payment goes for interest in year 15?</p>
<p>
<dollar/><fillin characters="20" /></p>
<p>
b) In what year will the monthly payment be equally divided between interest and principal?</p>
<p>
Year <fillin characters="20" /></p>
</statement>
<solution>
<p><ul><li><p>256</p></li><li><p>5.5</p></li></ul></p>
</solution>
</myopenmath>

