<?xml version="1.0" encoding="UTF-8" ?>
<myopenmath id="98431">
<statement>
<p>Select the correct units to correctly complete the calculation below.</p>
<p> (people)<asterisk/>(<underscore/><underscore/><underscore/><underscore/><underscore/><underscore/><underscore/><underscore/><underscore/>) = (dollars)</p>
<p> Answer: </p>
<p><ul label="circle"><li><p>dollars</p></li> 
<li><p>dollars/people</p></li> 
<li><p>people/dollars</p></li> 
<li><p>1/people</p></li> 
<li><p>people</p></li> 
<li><p>1/dollars</p></li> 
</ul></p>
</statement>
<solution>
<p>dollars/people</p>
</solution>
</myopenmath>

