<?xml version="1.0" encoding="UTF-8" ?>
<myopenmath id="818">
<statement>
<p>Superman needs to save Lois from the clutches of Lex Luthor.  It takes Superman 11 seconds to get to Lois who is 561 feet away.  What is Superman's rate?</p>
<p>
<fillin characters="5" /> </p>
<p><ul label="circle"><li><p>s/ft or seconds per foot</p></li> 
<li><p>ft/s or feet per second</p></li> 
</ul></p>
</statement>
<solution>
<p><ul><li><p>51</p></li><li><p>ft/s or feet per second</p></li></ul></p>
</solution>
</myopenmath>

