<?xml version="1.0" encoding="UTF-8" ?>
<myopenmath id="122134">
<statement>
<p>Use elimination to solve this system of linear equations.
<m>\displaystyle{\left.\begin{array}{ccccc} -{6}{x}\amp+\amp{8}{y}\amp=\amp{32}\\-{9}{x}\amp+\amp{12}{y}\amp=\amp{52}\end{array}\right.}</m>
Select the correct choice below and, if necessary, enter an ordered pair <m>\displaystyle{\left({x},{y}\right)}</m> to complete your answer.
</p>
<p><ul class="likelines"><li><p>One solution: <fillin characters="20" /></p></li><li><p>No solution</p></li><li><p>Infinite number of solutions</p></li></ul></p>
</statement>
<solution>
<p><m>\displaystyle\text{No solution}</m></p>
</solution>
</myopenmath>

