<?xml version="1.0" encoding="UTF-8" ?>
<myopenmath id="2348">
<statement>
<p>Solve the following formula for <m>\displaystyle{m}</m></p>
<p>
<m>\displaystyle{c}={a}{m}{t}</m></p>
<p>
<m>\displaystyle{m}=</m> <fillin characters="20" />
</p>
<p>
Enter your answer as an expression. </p>
<p> But be careful...to enter an expression like <m>\displaystyle\frac{{{a}+{b}}}{{{3}+{m}}}</m> you need to type <em>(a+b)/(3+m)</em>. You need parentheses for both the numerator and denominator.</p>
</statement>
<solution>
<p><m>\displaystyle\frac{{c}}{{{a}{t}}}</m></p>
</solution>
</myopenmath>

