<?xml version="1.0" encoding="UTF-8" ?>
<myopenmath id="884968">
<statement>
<p>Quinidine gluconate is a liquid mixture, part medicine and part water, which is administered intravenously. There are 70.0 mg of quinidine gluconate in each cubic centimeter (cc) of the liquid mixture. Dr. Bernal orders 525 mg of quinidine gluconate to be administered daily to a patient with malaria.</p>
<p>How much of the solution would have to be administered to achieve the recommended daily dosage? </p>
<p><fillin characters="20" /> cc</p>
</statement>
<solution>
<p>7.5</p>
</solution>
</myopenmath>

