<?xml version="1.0" encoding="UTF-8" ?>
<myopenmath id="1064876">
<statement>
<p>Do the following exponential functions show growth or decay or neither?</p>
<p><ol>
<li><p>
    <ul><li><p>Growth</p></li>
    <li><p>Decay</p></li>
    <li><p>Neither</p></li>
    </ul></p>
    <image source="https://myopenmaths3.s3.amazonaws.com/gimgs/1696c65b2ceb3957db8f6c74a03e38e6.png" />
</li>
<li><p>
    <ul><li><p>Growth</p></li>
    <li><p>Decay</p></li>
    <li><p>Neither</p></li>
    </ul></p>
    <image source="https://myopenmaths3.s3.amazonaws.com/gimgs/fced81c401b3f2a3b3c51143556393c1.png" />
</li>
<li><p>
    <ul><li><p>Neither</p></li>
    <li><p>Decay</p></li>
    <li><p>Growth</p></li>
    </ul>
    <m>\displaystyle{y}={26.3}\cdot{\left({1.33}\right)}^{{x}}</m>
</p></li>
<li><p>
    <ul><li><p>Growth</p></li>
    <li><p>Decay</p></li>
    <li><p>Neither</p></li>
    </ul>
    <m>\displaystyle{y}={26.3}\cdot{\left({0.75}\right)}^{{x}}</m></p></li>
</ol></p>
</statement>
<solution>
<p><ul><li><p>Decay</p></li><li><p>Growth</p></li><li><p>Growth</p></li><li><p>Decay</p></li></ul></p>
</solution>
</myopenmath>

