<?xml version="1.0" encoding="UTF-8" ?>
<myopenmath id="883019">
<statement>
<p>You need a 75<percent/> alcohol solution.  On hand, you have a 525 mL of a 80<percent/> alcohol mixture.  How much pure water will you need to add to obtain the desired solution?</p>
<p>
A)  Write an equation using the information as it is given above that can be used to solve this problem.  Use <m>\displaystyle{x}</m> as your variable to represent the amount of pure water you need to use.
Equation:  <fillin characters="30" />
</p>
<p>
B)  You will need </p>
<p>
<fillin characters="5" /> mL of pure water </p>
<p>
to obtain </p>
<p>
<fillin characters="5" /> mL of the desired 75<percent/> solution.</p>
</statement>
<solution>
<p><ul><li><p><m>\displaystyle{0.8}{\left({525}\right)}+{0}\cdot{x}={0.75}{\left({525}+{x}\right)}</m></p></li><li><p>35</p></li><li><p>560</p></li></ul></p>
</solution>
</myopenmath>

