<?xml version="1.0" encoding="UTF-8" ?>
<myopenmath id="350419">
<statement>
<p style="float:right"></p><figure><image source="mom/skydiver.jpg" /></figure>
The terminal velocity of a skydiver can be determined by the equation 
<m>\displaystyle{v}={\left(\frac{{{2}{D}}}{{\rho{C}{A}}}\right)}^{{{1}{/}{2}}}</m>
where
<p><ul>
  <li><p><m>\displaystyle{D}</m> is the skydiver's weight</p></li>
  <li><p><m>\displaystyle\rho</m> is the density of the air</p></li>
  <li><p><m>\displaystyle{C}</m> is the skydiver's coefficient of drag</p></li>
  <li><p><m>\displaystyle{A}</m> is the skydiver's ground-facing surface area</p></li>
</ul></p>
Use the concepts of direct and inverse variation to describe how changing each of these parameters impacts terminal velocity.<p>
(a)  Increasing <m>\displaystyle{D}</m> will </p>
<p><ul label="circle"><li><p>increase velocity</p></li> 
<li><p>decrease velocity</p></li> 
</ul></p>
<p>
(b)  Increasing <m>\displaystyle{A}</m> will </p>
<p><ul label="circle"><li><p>decrease velocity</p></li> 
<li><p>increase velocity</p></li> 
</ul></p>
<p>
(c)  Decreasing <m>\displaystyle\rho</m> will </p>
<p><ul label="circle"><li><p>decrease velocity</p></li> 
<li><p>increase velocity</p></li> 
</ul></p>
<p>
(d)  Decreasing <m>\displaystyle{C}</m> will </p>
<p><ul label="circle"><li><p>increase velocity</p></li> 
<li><p>decrease velocity</p></li> 
</ul></p>
</statement>
<solution>
<p><ul><li><p>increase velocity</p></li><li><p>decrease velocity</p></li><li><p>increase velocity</p></li><li><p>increase velocity</p></li></ul></p>
</solution>
</myopenmath>

