<?xml version="1.0" encoding="UTF-8" ?>
<myopenmath id="122173">
<statement>
<figure><image source="https://myopenmaths3.s3.amazonaws.com/qimages/Raytheon_hawker_850xp_eikjc_picture2_arp.jpg" /></figure><p>An airplane flying with the wind takes <em>2</em> hours to travel a distance of <em>420</em> miles. </p>
<p>
The return trip takes <em>3</em> hours flying against the wind. </p>
<p>
What is the speed of the airplane in still air and how fast is the wind blowing?</p>
<p>
<em>Answer:</em></p>
<p> The speed of the airplane in still air is <fillin characters="5" /> miles per hour. </p>
<p> The wind speed is <fillin characters="5" /> miles per hour. </p>
<p><em>Round your values to the nearest whole number.</em></p>
</statement>
<solution>
<p><ul><li><p>175</p></li><li><p>35</p></li></ul></p>
</solution>
</myopenmath>

