<?xml version="1.0" encoding="UTF-8" ?>
<myopenmath id="880564">
<statement>
<p>Summer is making a quilt and she has determined she needs 871 square inches of gray fabric and 698 square inches of burgundy.  How many square yards of each material will she need to purchase from the fabric store? </p>
<p>
The store only sells fabric by the by the quarter yard. </p>
<p>
The gray fabric: <fillin characters="20" /> square yards</p>
<p>
The burgundy fabric: <fillin characters="20" /> square yards</p>
<p>
How many total yards of fabric will she have to buy?</p>
<p>
<fillin characters="20" /> square yards</p>
</statement>
<solution>
<p><ul><li><p>0.75</p></li><li><p>0.75</p></li><li><p>1.5</p></li></ul></p>
</solution>
</myopenmath>

