<?xml version="1.0" encoding="UTF-8" ?>
<myopenmath id="887221">
<statement>
<p>Albuterol is a medicine used for treating asthma. It comes in an inhaler that contains 17 mg of albuterol mixed with a liquid. One actuation (inhalation) from the mouthpieces delivers a 90 <m>\displaystyle\mu{g}</m> dose of albuterol. (Reminder: 1 mg = 1000 <m>\displaystyle\mu{g}</m> .) </p>
<p>a.) Dr. Olson orders 2 inhalations 4 times per day. How many micrograms of albuterol does the patient inhale per day?</p>
<p><fillin characters="20" /> <m>\displaystyle\mu{g}</m> </p>
<p>b.) How many actuations are contained in one inhaler? </p>
<p><fillin characters="20" /> actuations</p>
<p>c.) Josefa is going away for 3 months and wants to take enough albuterol to last for that time. Her physician has prescribed 2 inhalations 4 times per day. How many inhalers will Josefa need to take with her for the 3 period? Assume 30 month days.</p>
<p><em>Hint: she can't bring a fraction of an inhaler, and she does not want to run out of medicine while away.</em></p>
<p><fillin characters="20" /></p>
</statement>
<solution>
<p><ul><li><p>720</p></li><li><p>189</p></li><li><p>4</p></li></ul></p>
</solution>
</myopenmath>

