<?xml version="1.0" encoding="UTF-8" ?>
<myopenmath id="17410">
<statement>
<p>For each scenario, identify the appropriate growth model that describes how it's changing.</p><p class="centered"></p>
<p><ul label="circle">
<li><p> The amount of pollutants in the lake has been increasing by 4 milligrams per Liter each year</p></li>
<li><p> The number of arrests grew for several years, but now has been decreasing</p></li>
<li><p> The number of new polio cases has been cut in half each year due to vaccination efforts</p></li>
<li><p> Tuition is currently <dollar/>2,000 a quarter has been growing by 7<percent/> a year</p></li>
</ul></p>
<p class="centered"></p>
<p><ol class="lalpha">
<li><p>Linear</p></li>
<li><p>Exponential</p></li>
<li><p>Neither</p></li>
</ol></p> 
</statement>
<solution>
<p>a c b b </p>
</solution>
</myopenmath>

