<?xml version="1.0" encoding="UTF-8" ?>
<myopenmath id="2001">
<statement>
<p>In a thunderstorm, the formula:</p>
<p>
<m>\displaystyle{M}=\frac{{t}}{{5.4}}</m></p>
<p>
gives the approximate distance, <m>\displaystyle{M}</m>, in miles, from a lightning strike if it takes <m>\displaystyle{t}</m> seconds to hear the thunder after seeing the lightning.  If you are 8.5 miles away from the lightning flash, how long will it take the sound of the thunder to reach you.</p>
<p>
Answer: It will take <fillin characters="6" /> seconds for the sound to reach you.</p>
</statement>
<solution>
<p>45.9</p>
</solution>
</myopenmath>

