<?xml version="1.0" encoding="UTF-8" ?>
<myopenmath id="674880">
<statement>
<p>Tell how many significant digits there are in each measurement.  </p>
<p><ol style="list-style-type: lower-alpha;">
  <li><p>23,000.0 km <em><fillin characters="5" /></em> 
    </p></li>
  <li><p>2041 m <fillin characters="5" /> 
    </p></li>
  <li><p>0.0004 ml <fillin characters="5" /> 
    </p></li>
  <li><p>8,490,000 yd <fillin characters="5" /> </p></li>
</ol></p>
</statement>
<solution>
<p><ul><li><p>6</p></li><li><p>4</p></li><li><p>1</p></li><li><p>3</p></li></ul></p>
</solution>
</myopenmath>

