<?xml version="1.0" encoding="UTF-8" ?>
<myopenmath id="1064879">
<statement>
<p>The half-life of caffeine in the human body is about 5.7 hours. A cup of coffee has about 80 mg of caffeine.</p>
<p><ol>
  <li>
    <p>Write an equation for the amount of caffeine in a person's body after drinking a cup of coffee? Let <em>C</em> be the milligrams of caffeine in the body after <em>t</em> hours. <fillin characters="20" /></p>
  </li>
  <li>
    <p>How much caffeine will remain after 10 hours? <fillin characters="3" /> mg. State your answer to the nearest hundredth of a mg.</p>
  </li>
  <li>
    <p>How long until there are only 20 mg remaining? <fillin characters="3" /> hours State your answer to the nearest hundredth of an hour.</p>
  </li>
</ol></p>
</statement>
</myopenmath>

