<?xml version="1.0" encoding="UTF-8" ?>
<myopenmath id="71129">
<statement>
<p>Identify what each equation below represents?</p>
<p> <m></m> </p><p class="centered"></p>
<p><ul label="circle">
<li><p> </p><figure><image source="https://myopenmaths3.s3.amazonaws.com/gimgs/a49f72e597017011ddb4cfc5d6069b5d.png" /></figure></li>
<li><p> </p><figure><image source="https://myopenmaths3.s3.amazonaws.com/gimgs/610a8c24ec382cee53a0dfc119be6df6.png" /></figure></li>
<li><p> </p><figure><image source="https://myopenmaths3.s3.amazonaws.com/gimgs/022710b30f73c6cd8200d47469b28e94.png" /></figure></li>
<li><p> </p><figure><image source="https://myopenmaths3.s3.amazonaws.com/gimgs/07c67bc525aa4bcbad258a5144bb71e3.png" /></figure></li>
<li><p> </p><figure><image source="https://myopenmaths3.s3.amazonaws.com/gimgs/9d8c42c101cbabc9789109734e5cc71b.png" /></figure></li>
<li><p> </p><figure><image source="https://myopenmaths3.s3.amazonaws.com/gimgs/6729f2de7410864e9ac302bc3bfe651b.png" /></figure></li>
<li><p> </p><figure><image source="https://myopenmaths3.s3.amazonaws.com/gimgs/567ffa859e70e35491a42379d5a0a030.png" /></figure></li>
<li><p> </p><figure><image source="https://myopenmaths3.s3.amazonaws.com/gimgs/7d7eca6058b540124b2ac76292bca6d9.png" /></figure></li>
<li><p> </p><figure><image source="https://myopenmaths3.s3.amazonaws.com/gimgs/c06327f241f92c062538df87b415b4a9.png" /></figure></li>
<li><p> </p><figure><image source="https://myopenmaths3.s3.amazonaws.com/gimgs/a6206264ac6911bad9ab3d78c79917a2.png" /></figure></li>
</ul></p>
<p class="centered"></p>
<p><ol class="lalpha">
<li><p>Linear function</p></li>
<li><p>Nonlinear function</p></li>
<li><p>Not a function</p></li>
</ol></p> 
</statement>
<solution>
<p>b b c a b a b c c a </p>
</solution>
</myopenmath>

