<?xml version="1.0" encoding="UTF-8" ?>
<myopenmath id="322448">
<statement>
<p>For the following sequence, state the next three terms.</p>
<p>11, 15, 19, 23, <fillin characters="3" />, <fillin characters="3" />, <fillin characters="3" /></p>
<p>State a formula for the nth term: <fillin characters="6" />
</p>
<p>What type of sequence is this? </p>
<p><ul label="circle"><li><p>arithmetic (linear)</p></li> 
<li><p>quadratic</p></li> 
<li><p>geometric (exponential)</p></li> 
<li><p>other</p></li> 
</ul></p>
</statement>
<solution>
<p><ul><li><p>27</p></li><li><p>31</p></li><li><p>35</p></li><li><p><m>\displaystyle{7}+{n}\cdot{4}</m></p></li><li><p>arithmetic (linear)</p></li></ul></p>
</solution>
</myopenmath>

