<?xml version="1.0" encoding="UTF-8" ?>
<myopenmath id="887957">
<statement>
<p>A patient's glucose result is suspected to be outside the range of the analyzer, so the techs decide to dilute the sample before running it. 25 microliters of serum is added to 125 microliters of diluent and the diluted sample is analyzed. The analyzer reads that the glucose value of the diluted sample is 64 <m>\displaystyle\frac{{{m}{g}}}{{{d}{L}}}</m> .</p>
<p>What was the ratio the sample was diluted to? </p>
<p><fillin characters="20" /></p>
<p>What is the glucose value of the original sample? </p>
<p><fillin characters="20" /> <m>\displaystyle\frac{{{m}{g}}}{{{d}{L}}}</m></p>
</statement>
<solution>
<p><ul><li><p><m></m>1/6<m></m></p></li><li><p>384</p></li></ul></p>
</solution>
</myopenmath>

