<?xml version="1.0" encoding="UTF-8" ?>
<myopenmath id="15577">
<statement>
<figure><image source="https://myopenmaths3.s3.amazonaws.com/gimgs/81b5ce6879a98e8c32f8f0f2e103646c.png" /></figure><p>
State the run, rise, and slope of the line above.</p>
<p>
run = <fillin characters="1" /></p>
<p>
rise = <fillin characters="1" /></p>
<p>
m = <fillin characters="1" /></p>
</statement>
<solution>
<p><ul><li><p>7</p></li><li><p>3</p></li><li><p><m>\displaystyle\frac{{3}}{{7}}</m></p></li></ul></p>
</solution>
</myopenmath>

