<?xml version="1.0" encoding="UTF-8" ?>
<myopenmath id="872801">
<statement>
<p>A student in a Pre-Calculus class has test scores of 65, 67, 66, and 63. The final exam is worth 3 test grades. </p>
<p>
Write a linear equation that models this problem, where <m>\displaystyle{x}</m> is the grade on the final exam and <m>\displaystyle{y}</m> is the student's grade in the course. The whole grade is based on these tests and the final.</p>
<p>
<fillin characters="20" />
</p>
<p>
What grade is needed on the final to earn a B (average score of 80<percent/>)? </p>
<p>
<fillin characters="20" />
</p>
</statement>
<solution>
<p><ul><li><p><m>\displaystyle{y}=\frac{{{261}+{3}\cdot{x}}}{{7}}</m></p></li><li><p>99.666666666667</p></li></ul></p>
</solution>
</myopenmath>

