<?xml version="1.0" encoding="UTF-8" ?>
<myopenmath id="483533">
<statement>
<p>Tamrya is babysitting to earn money to visit her aunt. She earns <dollar/>5.00 for each hour of babysitting.  Which graph represents her earnings from babysitting?</p><p><ul label="circle"><li><figure><image source="https://myopenmaths3.s3.amazonaws.com/qimages/483533-Tam1.bmp" /></figure></li> 
<li><figure><image source="https://myopenmaths3.s3.amazonaws.com/qimages/483533-tam2.bmp" /></figure></li> 
<li><figure><image source="https://myopenmaths3.s3.amazonaws.com/qimages/483533-tam3.bmp" /></figure></li> 
<li><figure><image source="https://myopenmaths3.s3.amazonaws.com/qimages/483533-Tamyraans.bmp" /></figure></li> 
</ul></p>
</statement>
<solution>
<figure><image source="https://myopenmaths3.s3.amazonaws.com/qimages/483533-tam2.bmp" /></figure>
</solution>
</myopenmath>

