<?xml version="1.0" encoding="UTF-8" ?>
<myopenmath id="3741">
<statement>
<p>Our company's new widget has been growing in sales. The histogram below shows sales in millions for the years shown.</p><figure><image source="https://myopenmaths3.s3.amazonaws.com/gimgs/62e7ba55f0c58b4c0e29dc436e9a4ee7.png" /></figure><p><lbracket/>Graphs generated by this script: setBorder(28,45,0,10);  initPicture(0,12,0,38);axes(1000,5,1,1000,5); fill="blue"; stroke="black";textabs(<lbracket/>165,0<rbracket/>,"Millions of Widgets Sold","above");rect(<lbracket/>1,0<rbracket/>,<lbracket/>3,5<rbracket/>);text(<lbracket/>2,0<rbracket/>,"2001","below");rect(<lbracket/>3,0<rbracket/>,<lbracket/>5,8<rbracket/>);text(<lbracket/>4,0<rbracket/>,"2002","below");rect(<lbracket/>5,0<rbracket/>,<lbracket/>7,19<rbracket/>);text(<lbracket/>6,0<rbracket/>,"2003","below");rect(<lbracket/>7,0<rbracket/>,<lbracket/>9,26<rbracket/>);text(<lbracket/>8,0<rbracket/>,"2004","below");rect(<lbracket/>9,0<rbracket/>,<lbracket/>11,38<rbracket/>);text(<lbracket/>10,0<rbracket/>,"2005","below");<rbracket/></p>
<p>
In which year did sales first exceed 13 million widgets?</p><p><fillin characters="20" /></p>
</statement>
<solution>
<p>2003</p>
</solution>
</myopenmath>

