<?xml version="1.0" encoding="UTF-8" ?>
<myopenmath id="872804">
<statement>
<p>The area of a triangle is given by the formula <m>\displaystyle{A}=\frac{{1}}{{2}}{b}{h}</m>, where <m>\displaystyle{A}</m> is the area of the triangle, <m>\displaystyle{b}</m> is its base and <m>\displaystyle{h}</m> is its height.</p>
<p>Solve the formula, <m>\displaystyle{A}=\frac{{1}}{{2}}{b}{h}</m>, for <m>\displaystyle{b}.</m> </p>
<p><m>\displaystyle{b}=</m> <fillin characters="12" />
</p>
<p>Find the base of the triangle with height of <m>\displaystyle{11}</m> meters and area of <m>\displaystyle{89}</m> square meters. Write your answer as a decimal, rounded to the nearest hundredth, when necessary.</p>
<p>base <m>\displaystyle=</m> <fillin characters="6" />meters</p>
</statement>
<solution>
<p><ul><li><p><m>\displaystyle\frac{{{2}{A}}}{{h}}</m></p></li><li><p>16.18</p></li></ul></p>
</solution>
</myopenmath>

