<?xml version="1.0" encoding="UTF-8" ?>
<myopenmath id="898841">
<statement>
<p>For the following sequence, state the next three terms.</p>
<p>4, 8, 16, 32, <fillin characters="3" />, <fillin characters="3" />, <fillin characters="3" /></p>
<p>What type of sequence is this? </p>
<p><ul label="circle"><li><p>arithmetic (linear)</p></li> 
<li><p>quadratic</p></li> 
<li><p>geometric (exponential)</p></li> 
<li><p>other</p></li> 
</ul></p>
</statement>
<solution>
<p><ul><li><p>64</p></li><li><p>128</p></li><li><p>256</p></li><li><p>geometric (exponential)</p></li></ul></p>
</solution>
</myopenmath>

