<?xml version="1.0" encoding="UTF-8" ?>
<myopenmath id="8298">
<statement>
<figure><image source="mom/rightriangle.gif" /></figure><p>
Note: Triangle may not be drawn to scale.</p>
<p>
Suppose <m>\displaystyle{a}={88}</m> and <m>\displaystyle{c}={137}</m>.</p>
<p>
Find an exact value (report answer as a fraction). You will need to determine the length of the missing side first.</p>
<p>
<m>\displaystyle{\sin{{\left({B}\right)}}}=</m> <fillin characters="20" /></p>
<p>
<m>\displaystyle{\cos{{\left({B}\right)}}}=</m> <fillin characters="20" /></p>
<p>
<m>\displaystyle{\tan{{\left({B}\right)}}}=</m> <fillin characters="20" /></p>
<p>
<m>\displaystyle{\sec{{\left({B}\right)}}}=</m> <fillin characters="20" /></p>
<p>
<m>\displaystyle{\csc{{\left({B}\right)}}}=</m> <fillin characters="20" /></p>
<p>
<m>\displaystyle{\cot{{\left({B}\right)}}}=</m> <fillin characters="20" /></p>
</statement>
<solution>
<p><ul><li><p><m>\displaystyle\frac{{105}}{{137}}={0.76642335766423}</m></p></li><li><p><m>\displaystyle\frac{{88}}{{137}}={0.64233576642336}</m></p></li><li><p><m>\displaystyle\frac{{105}}{{88}}={1.1931818181818}</m></p></li><li><p><m>\displaystyle\frac{{137}}{{88}}={1.5568181818182}</m></p></li><li><p><m>\displaystyle\frac{{137}}{{105}}={1.3047619047619}</m></p></li><li><p><m>\displaystyle\frac{{88}}{{105}}={0.83809523809524}</m></p></li></ul></p>
</solution>
</myopenmath>

