<?xml version="1.0" encoding="UTF-8" ?>
<myopenmath id="2090">
<statement>
<p>The current population of a small city is 46500 people. Due to a loss of jobs, the population is decreasing by an average of 225 people per year. How many years (from now) will it take for the population to decrease to 45375 people?</p>
<p>
A) Write an equation you can use to answer this question. Be sure all the numbers given above appear in your equation. Use <m>\displaystyle{x}</m> as your variable and use no commas in your equation.</p>
<p>
The equation is <fillin characters="20" />
</p>
<p>
B) Solve your equation in part <lbracket/>A<rbracket/> for <m>\displaystyle{x}.</m></p>
<p>
Answer: <m>\displaystyle{x}=</m> <fillin characters="20" /></p>
</statement>
<solution>
<p><ul><li><p><m>\displaystyle{46500}-{225}{x}={45375}</m></p></li><li><p>5</p></li></ul></p>
</solution>
</myopenmath>

