<?xml version="1.0" encoding="UTF-8" ?>
<myopenmath id="93873">
<statement>
<p>The graph shows the velocity of a ball that is thrown upwards and remains in the air for 7.76 seconds.</p>
<figure><image source="https://myopenmaths3.s3.amazonaws.com/gimgs/16ad0c99257b6440c35992baa884cf0b.png" /></figure>
<p>What is the final velocity of the ball?</p>
<p><m>{v}_{f}</m> = <lbracket/>AB0<rbracket/> unit<lbracket/>AB1<rbracket/></p>
<p>At approximately what time does the ball change direction?</p>
<p><m>{t}_{f}</m> = <lbracket/>AB2<rbracket/> unit<lbracket/>AB3<rbracket/></p>
<p> </p><p><fillin characters="20" /></p>
<p><fillin characters="20" /></p>
<p><fillin characters="20" /></p>
<p><fillin characters="20" /></p>
</statement>
<solution>
<p><ul><li><p>-38</p></li><li><p>meters/second or m/s</p></li><li><p>3.88</p></li><li><p>seconds or s</p></li></ul></p>
</solution>
</myopenmath>

