<?xml version="1.0" encoding="UTF-8" ?>
<myopenmath id="131653">
<statement>
<p>A box contains 9 identical glass spheres that are used to make snow globes. The spheres are tightly packed, as shown below.</p>
<figure><image source="mom/Screenshot_2017-03-17_12.41.22.png" /></figure><p>What is the total volume , in cubic inches, of all 9 spheres? Round your answer to the nearest tenth of a cubic inch.</p>
<p>Volume of sphere <m>\displaystyle=\frac{{4}}{{3}}\pi{r}^{{3}}</m></p>
<p><fillin characters="8" />cubic inches</p>
</statement>
<solution>
<p><m>\displaystyle{301.4}{\quad\text{or}\quad}{301.6}</m></p>
</solution>
</myopenmath>

