<?xml version="1.0" encoding="UTF-8" ?>
<myopenmath id="2883">
<statement>
<p>Newton's Law of Gravitation says that two objects with masses <m>\displaystyle{m}_{{1}}</m> and <m>\displaystyle{m}_{{2}}</m> attract each other with a force <m>\displaystyle{F}</m> that is jointly proportional to their masses and inversly proportional to the square of the distance <m>\displaystyle{r}</m> between the objects.  Newton discovered the constant of proportionality is <m>\displaystyle{6.67}\times{10}^{{-{11}}}</m>.</p>
<p>
In a small laboratory experiment, two 700 kg masses are separated by 0.3 meters.  What would the gravitational force between the objects be?</p>
<p>
Force = <fillin characters="20" />Newtons</p>
</statement>
<solution>
<p>0.00036314444444444</p>
</solution>
</myopenmath>

