<?xml version="1.0" encoding="UTF-8" ?>
<myopenmath id="773784">
<statement>
<p>Determine how many significant figures are in each measurement.  If the measurement is exact, select "exact". Exact means there is no error in measurement.</p>
<p>
a) 6ft 1in  </p>
<p><ul label="circle"><li><p>1</p></li> 
<li><p>2</p></li> 
<li><p>3</p></li> 
<li><p>4</p></li> 
<li><p>5</p></li> 
<li><p>6</p></li> 
<li><p>7</p></li> 
<li><p>8</p></li> 
<li><p>9</p></li> 
<li><p>10</p></li> 
<li><p>exact</p></li> 
</ul></p>
<p>
b) <dollar/>971.25  </p>
<p><ul label="circle"><li><p>1</p></li> 
<li><p>2</p></li> 
<li><p>3</p></li> 
<li><p>4</p></li> 
<li><p>5</p></li> 
<li><p>6</p></li> 
<li><p>7</p></li> 
<li><p>8</p></li> 
<li><p>9</p></li> 
<li><p>10</p></li> 
<li><p>exact</p></li> 
</ul></p>
<p>
c) 1100.0 m  </p>
<p><ul label="circle"><li><p>1</p></li> 
<li><p>2</p></li> 
<li><p>3</p></li> 
<li><p>4</p></li> 
<li><p>5</p></li> 
<li><p>6</p></li> 
<li><p>7</p></li> 
<li><p>8</p></li> 
<li><p>9</p></li> 
<li><p>10</p></li> 
<li><p>exact</p></li> 
</ul></p>
<p>
d) 1635.014 mL  </p>
<p><ul label="circle"><li><p>1</p></li> 
<li><p>2</p></li> 
<li><p>3</p></li> 
<li><p>4</p></li> 
<li><p>5</p></li> 
<li><p>6</p></li> 
<li><p>7</p></li> 
<li><p>8</p></li> 
<li><p>9</p></li> 
<li><p>10</p></li> 
<li><p>exact</p></li> 
</ul></p>
<p>
e) 1100 m  </p>
<p><ul label="circle"><li><p>1</p></li> 
<li><p>2</p></li> 
<li><p>3</p></li> 
<li><p>4</p></li> 
<li><p>5</p></li> 
<li><p>6</p></li> 
<li><p>7</p></li> 
<li><p>8</p></li> 
<li><p>9</p></li> 
<li><p>10</p></li> 
<li><p>exact</p></li> 
</ul></p>
</statement>
<solution>
<p><ul><li><p>2</p></li><li><p>exact</p></li><li><p>5</p></li><li><p>7</p></li><li><p>2</p></li></ul></p>
</solution>
</myopenmath>

