<?xml version="1.0" encoding="UTF-8" ?>
<myopenmath id="331942">
<statement>
<p>Coral reefs throughout the world are dying at a rate of about 1<percent/> per year. Write an equation that can be used to determine the future area of a reef that now has an area of 150 <m>\displaystyle{k}{m}^{{2}}</m>. Let <m>\displaystyle{c}</m> be the area of the coral reef in <m>\displaystyle{t}</m> years from now.</p>
<p><ol style="list-style-type: lower-alpha;">
  <li><p>The equation is: <fillin characters="20" />
</p></li>
  <li><p>The equation is in the 
<ul label="circle"><li><p>linear</p></li> 
<li><p>quadratic</p></li> 
<li><p>exponential</p></li> 
</ul>
 family</p></li>
  <li><p>Use the equation to determine how many years until the reef decays to an area of 117 <m>\displaystyle{k}{m}^{{2}}</m>? Round to the nearest year.</p>
<p>
    <fillin characters="20" /></p></li>
</ol></p>
<p><url href="https://www.theworldcounts.com/counters/ocean_ecosystem_facts/coral_reef_destruction_facts">Source</url></p>
</statement>
<solution>
<p><ul><li><p><m>\displaystyle{c}={150}\cdot{0.99}^{{t}}</m></p></li><li><p>exponential</p></li><li><p>25</p></li></ul></p>
</solution>
</myopenmath>

