<?xml version="1.0" encoding="UTF-8" ?>
<myopenmath id="880590">
<statement>
<p>Convert the measurement. You may find it useful to use <url href="http://www.math.uaa.alaska.edu/~afmaf/classes/math104/materials/section-units.html#table-customary-convert">this table</url>.</p>
<!-- <p>Convert the measurement. You may find it useful to use <url href="http://www.math.uaa.alaska.edu/<tilde/>afmaf/classes/math104/materials/section-units.html<hash/>table-customary-convert">this table</url>.</p> -->
<p>96 c = <fillin characters="4" /> gal</p>
</statement>
<solution>
<p>6</p>
</solution>
</myopenmath>

