<?xml version="1.0" encoding="UTF-8" ?>
<myopenmath id="121987">
<statement>
<p>Use substitution to solve this system of linear equations.
<m>\displaystyle-{7}{x}+{5}{y}=-{3}</m>
<m>\displaystyle{y}={4}{x}+{2}</m>
Select the correct choice below and, if necessary, enter an ordered pair <m>\displaystyle{\left({x},{y}\right)}</m> to complete your answer.
</p>
<p><ul class="likelines"><li><p>One or more solutions: <fillin characters="20" /></p></li><li><p>No solution</p></li><li><p>Infinite number of solutions</p></li></ul></p>
</statement>
<solution>
<p><m>\displaystyle{\left(-{1},-{2}\right)}</m></p>
</solution>
</myopenmath>

