<?xml version="1.0" encoding="UTF-8" ?>
<myopenmath id="1736">
<statement>
<p>Select all of the following tables which could represent a linear function.</p><p><ul label="circle"><li><table><tabular> <row><cell><m>\displaystyle{x}</m></cell><cell><m>\displaystyle{k}{\left({x}\right)}</m></cell></row><row><cell>5</cell><cell>12</cell></row><row><cell>10</cell><cell>27</cell></row><row><cell>20</cell><cell>57</cell></row><row><cell>25</cell><cell>72</cell></row></tabular></table></li> 
<li><table><tabular> <row><cell><m>\displaystyle{x}</m></cell><cell><m>\displaystyle{g{{\left({x}\right)}}}</m></cell></row><row><cell>0</cell><cell>9</cell></row><row><cell>5</cell><cell>-11</cell></row><row><cell>10</cell><cell>-31</cell></row><row><cell>15</cell><cell>-51</cell></row></tabular></table></li> 
<li><table><tabular> <row><cell><m>\displaystyle{x}</m></cell><cell><m>\displaystyle{f{{\left({x}\right)}}}</m></cell></row><row><cell>0</cell><cell>-2</cell></row><row><cell>5</cell><cell>23</cell></row><row><cell>10</cell><cell>48</cell></row><row><cell>15</cell><cell>73</cell></row></tabular></table></li> 
<li><table><tabular> <row><cell><m>\displaystyle{x}</m></cell><cell><m>\displaystyle{h}{\left({x}\right)}</m></cell></row><row><cell>0</cell><cell>9</cell></row><row><cell>5</cell><cell>34</cell></row><row><cell>10</cell><cell>109</cell></row><row><cell>15</cell><cell>234</cell></row></tabular></table></li> 
</ul></p>
</statement>
<solution>
<table><tabular> <row><cell><m>\displaystyle{x}</m></cell><cell><m>\displaystyle{f{{\left({x}\right)}}}</m></cell></row><row><cell>0</cell><cell>-2</cell></row><row><cell>5</cell><cell>23</cell></row><row><cell>10</cell><cell>48</cell></row><row><cell>15</cell><cell>73</cell></row></tabular></table><table><tabular> <row><cell><m>\displaystyle{x}</m></cell><cell><m>\displaystyle{g{{\left({x}\right)}}}</m></cell></row><row><cell>0</cell><cell>9</cell></row><row><cell>5</cell><cell>-11</cell></row><row><cell>10</cell><cell>-31</cell></row><row><cell>15</cell><cell>-51</cell></row></tabular></table><table><tabular> <row><cell><m>\displaystyle{x}</m></cell><cell><m>\displaystyle{k}{\left({x}\right)}</m></cell></row><row><cell>5</cell><cell>12</cell></row><row><cell>10</cell><cell>27</cell></row><row><cell>20</cell><cell>57</cell></row><row><cell>25</cell><cell>72</cell></row></tabular></table>
</solution>
</myopenmath>

