<?xml version="1.0" encoding="UTF-8" ?>
<myopenmath id="880560">
<statement>
<p>Tara mixed 4 gallons of lemonade and poured it into seven 2-quart jugs. How many cups of lemonade were left over after she filled the jugs?</p>
<p><url href="http://www.math.uaa.alaska.edu/~afmaf/classes/math104/materials/section-units.html#table-customary-convert">This table</url> may be useful for this problem. </p>
<p><fillin characters="1" /> cups</p>
</statement>
<solution>
<p>8</p>
</solution>
</myopenmath>

