<?xml version="1.0" encoding="UTF-8" ?>
<myopenmath id="880562">
<statement>
<p>How many millimeters are there in a meter?  <fillin characters="20" /></p>
<p>How many liters are in a decaliter?  <fillin characters="20" /></p>
<p>How many centigrams are in there in a gram?  <fillin characters="20" /></p>
<p>Which prefix indicates a bigger quantity?   </p>
<p><ul label="circle"><li><p>hecto</p></li> 
<li><p>kilo</p></li> 
</ul></p>
<p>Which prefix indicates a bigger quantity?   </p>
<p><ul label="circle"><li><p>deca</p></li> 
<li><p>deci</p></li> 
</ul></p>
<p>Which prefix indicates a bigger quantity? </p>
<p><ul label="circle"><li><p>kilo</p></li> 
<li><p>mega</p></li> 
</ul></p>
<p>Which prefix indicates a bigger quantity?  </p>
<p><ul label="circle"><li><p>centi</p></li> 
<li><p>milli</p></li> 
</ul></p>
</statement>
<solution>
<p><ul><li><p>1000</p></li><li><p>10</p></li><li><p>100</p></li><li><p>kilo</p></li><li><p>deca</p></li><li><p>mega</p></li><li><p>centi</p></li></ul></p>
</solution>
</myopenmath>

