<?xml version="1.0" encoding="UTF-8" ?>
<myopenmath id="895002">
<statement>
<p>The weight of an object above the surface of Earth varies inversely with the square of distance from the center of Earth. If an object weighs 70.00 pounds when it is 3960 miles from Earth's center, what would the same object weigh when it is 4030 miles from Earth's center?</p>
<p>Your answer should have 4 significant figures.
  </p>
<p>
  <fillin characters="6" /> pounds </p>
</statement>
<solution>
<p>67.59</p>
</solution>
</myopenmath>

