<?xml version="1.0" encoding="UTF-8" ?>
<myopenmath id="72597">
<statement>
<p><url href="#">Calculator</url></p>
<p>Examine the linear function below. </p>
<p><m>\displaystyle{y}={3}{x}-{5}</m>  </p>
<p>Which table represents the same function?</p><p><ul label="circle"><li><table><tabular> <row><cell><m>\displaystyle{x}</m></cell><cell><m>\displaystyle{y}</m></cell></row><row><cell>-2</cell><cell>-11</cell></row><row><cell>0</cell><cell>-5</cell></row><row><cell>2</cell><cell>1</cell></row><row><cell>4</cell><cell>7</cell></row></tabular></table></li> 
<li><table><tabular> <row><cell><m>\displaystyle{x}</m></cell><cell><m>\displaystyle{y}</m></cell></row><row><cell>0</cell><cell>-5</cell></row><row><cell>5</cell><cell>25</cell></row><row><cell>10</cell><cell>55</cell></row><row><cell>15</cell><cell>85</cell></row></tabular></table></li> 
<li><table><tabular> <row><cell><m>\displaystyle{x}</m></cell><cell><m>\displaystyle{y}</m></cell></row><row><cell>-4</cell><cell>-7</cell></row><row><cell>-2</cell><cell>-1</cell></row><row><cell>0</cell><cell>5</cell></row><row><cell>2</cell><cell>11</cell></row></tabular></table></li> 
<li><table><tabular> <row><cell><m>\displaystyle{x}</m></cell><cell><m>\displaystyle{y}</m></cell></row><row><cell>0</cell><cell>3</cell></row><row><cell>3</cell><cell>12</cell></row><row><cell>6</cell><cell>21</cell></row><row><cell>9</cell><cell>30</cell></row></tabular></table></li> 
</ul></p>
</statement>
<solution>
<table><tabular> <row><cell><m>\displaystyle{x}</m></cell><cell><m>\displaystyle{y}</m></cell></row><row><cell>-2</cell><cell>-11</cell></row><row><cell>0</cell><cell>-5</cell></row><row><cell>2</cell><cell>1</cell></row><row><cell>4</cell><cell>7</cell></row></tabular></table>
</solution>
</myopenmath>

