<?xml version="1.0" encoding="UTF-8" ?>
<myopenmath id="108759">
<statement>
<p>At a farmers' market, Frederick buys 2 pounds of apples and 8 pounds of cherries for <dollar/>22.62. At the same farmers' market, Wilhelmina buys 8 pounds of apples and 15 pounds of cherries for <dollar/>47.30. Determine the price per pound of apples and cherries at the farmers' market. </p>
<p>Apples cost <dollar/><fillin characters="7" /> per pound.</p>
<p>Cherries cost <dollar/><fillin characters="7" /> per pound.</p>
</statement>
<solution>
<p><ul><li><p>1.15</p></li><li><p>2.54</p></li></ul></p>
</solution>
</myopenmath>

