<?xml version="1.0" encoding="UTF-8" ?>
<myopenmath id="483520">
<statement>
<p>The graph shows the distance traveled by a vehicle over time. Describe the change in distance.</p><figure><image source="https://myopenmaths3.s3.amazonaws.com/qimages/483520-Capture_189.PNG" /></figure><p><ul label="circle"><li><p>The distance <em>stays the same</em> for a while. Then the distance <em>increases</em> at a constant rate before <em>decreasing</em> at a constant rate.</p></li> 
<li><p>First the distance <em>decreases</em> at a constant rate. Then the distance <em>stays the same</em> for a while before <em>increasing</em> at a constant rate.</p></li> 
<li><p>First the distance <em>decreases</em> at a constant rate. Then the distance <em>increases</em> at a constant rate before staying the <em>same</em> for a while.</p></li> 
<li><p>The distance <em>stays the same</em> for a while. Then the distance <em>decreases</em> at a constant rate before <em>increasing</em> at a constant rate.</p></li> 
</ul></p>
</statement>
<solution>
<p>First the distance <em>decreases</em> at a constant rate. Then the distance <em>stays the same</em> for a while before <em>increasing</em> at a constant rate.</p>
</solution>
</myopenmath>

