<?xml version="1.0" encoding="UTF-8" ?>
<myopenmath id="880612">
<statement>
<p>Jean's bedroom is 12 feet by 14 feet. She has chosen a carpet which costs <dollar/>31.30 per square yard. This includes installation. Determine her cost to carpet her room.</p>
<p><dollar/> <fillin characters="20" /></p>
<p>How much would she have saved if she went with the carpet that costs <dollar/>30.60 per square yard instead? </p>
<p><dollar/> <fillin characters="20" /></p>
</statement>
<solution>
<p><ul><li><p>584.27</p></li><li><p>13.07</p></li></ul></p>
</solution>
</myopenmath>

