{"source\\techmath.ptx": ["technical-mathematics", "chapter-intro", "chapter-ratios", "chapter-variation", "chapter-geometry", "chapter-quadratic", "chapter-exponential", "chapter-trig"], "source\\frontmatter.ptx": ["front-colophon", "preface-student", "preface-faculty"], "source\\section-units.ptx": ["section-units", "video-example-unit-convert-down"], "source\\section-enough.ptx": ["section-enough", "video-precision-accuracy", "video-example-sigfig-add", "video-example-sigfig-multiply"], "source\\section-formula.ptx": ["section-formula"], "source\\section-percent.ptx": ["section-percent", "video-example-percent-calculate-whole", "video-example-percent-increase"], "source\\section-mixture1.ptx": ["section-mixture-intro", "video-example-mixture-dilute-percent"], "source\\section-ratios.ptx": ["section-ratios", "video-example-unit-convert-scale", "example-video-unit-conversion", "video-example-multi-unit-convert"], "source\\section-proportion.ptx": ["section-proportion", "video-example-proportion-solve"], "source\\section-medical.ptx": ["section-medical", "video-example-percent-concentration", "video-example-proportion-solution", "video-example-scale-medication"], "source\\section-linear.ptx": ["section-linear"], "source\\section-models.ptx": ["section-models", "video-example-model-uhaul"], "source\\project-falseposition.ptx": ["section-activity-falseposition"], "source\\project-sixty-one-one.ptx": ["section-activity-60-1-1"], "source\\section-graphing.ptx": ["section-graphing"], "source\\section-rates.ptx": ["section-rates"], "source\\section-variation.ptx": ["section-variation"], "source\\section-rational.ptx": ["section-rational", "video-parallel-resistance", "video-pitch-diameter"], "source\\section-linear-system.ptx": ["section-linear-systems"], "source\\project-literal-formula.ptx": ["section-activity-literal-formula"], "source\\project-cycling.ptx": ["section-activity-cycling"], "source\\project-radiation-dosage2.ptx": ["section-activity-radiation2"], "source\\section-geometry2d.ptx": ["section-geometry2D"], "source\\section-geometry3d.ptx": ["section-geometry3D"], "source\\project-unicorn-cake2.ptx": ["section-activity-cake"], "source\\section-quadratic.ptx": ["section-quadratic"], "source\\section-quadratic-solve.ptx": ["section-quadratic-solve"], "source\\section-roots.ptx": ["section-roots"], "source\\section-quadratic-graph.ptx": ["section-quadratic-graph"], "source\\section-exponential.ptx": ["section-exponential"], "source\\section-exponential-graph.ptx": ["section-exponential-graph"], "source\\section-logarithm.ptx": ["section-logarithm"], "source\\section-log-solve.ptx": ["section-log-solve", "video-example-log-solve", "video-example-solve-exponential2"], "source\\project-estimate-tod.ptx": ["section-activity-tod"], "source\\section-trig-functions.ptx": ["section-trig-functions"], "source\\section-trig-applications1.ptx": ["section-trig-applications1"], "source\\section-trig-laws.ptx": ["section-trig-laws"], "source\\section-trig-graphs.ptx": ["section-trig-graphs", "video-wave-period-wavelength"], "source\\project-trig-error.ptx": ["section-activity-trig-error"]}